1872.749309,2.481e-31,0.0335,0.036,6289.1847,0.67,-0.002889,3,7,5,6,2,3
1878.321942,6.936e-31,0.0338,0.036,6074.5304,0.67,-0.002883,3,7,5,6,2,3
1883.867662,1.904e-30,0.0342,0.036,5863.4883,0.67,-0.002877,3,7,5,6,2,3
1889.386331,5.136e-30,0.0345,0.037,5656.0666,0.67,-0.002872,3,7,5,6,2,3
1894.877809,1.36e-29,0.0348,0.037,5452.2733,0.67,-0.002866,3,7,5,6,2,3
1900.341956,3.539e-29,0.0352,0.037,5252.1162,0.67,-0.002861,3,7,5,6,2,3
1902.414114,2.295e-31,0.037,0.039,6409.9236,0.67,-0.002837,4,7,5,6,2,3
1905.778633,9.041e-29,0.0355,0.038,5055.6029,0.67,-0.002856,3,7,5,6,2,3
1907.676341,5.311e-31,0.0374,0.04,6233.3853,0.67,-0.002833,4,7,5,6,2,3
1911.187699,2.268e-28,0.0359,0.038,4862.7411,0.67,-0.002851,4,7,5,6,2,3
1912.910247,1.206e-30,0.0378,0.04,6060.499,0.67,-0.002829,4,7,5,6,2,3
1916.569015,5.588e-28,0.0362,0.038,4673.5381,0.67,-0.002846,4,7,5,6,2,3
1918.11569,2.691e-30,0.0382,0.04,5891.2714,0.67,-0.002826,4,7,5,6,2,3
1921.922438,1.351e-27,0.0366,0.039,4488.0012,0.67,-0.002841,4,7,5,6,2,3
1923.292528,5.893e-30,0.0386,0.041,5725.709,0.67,-0.002822,4,7,5,6,2,3
1927.247828,3.21e-27,0.037,0.039,4306.1375,0.67,-0.002837,4,7,5,6,2,3
1928.440618,1.267e-29,0.039,0.041,5563.8184,0.67,-0.002819,4,7,5,6,2,3
1932.545044,7.487e-27,0.0374,0.04,4127.9539,0.67,-0.002833,4,7,5,6,2,3
1933.55982,2.674e-29,0.0395,0.042,5405.6056,0.67,-0.002817,4,7,5,6,2,3
1937.813944,1.714e-26,0.0378,0.04,3953.4574,0.67,-0.002829,4,7,5,6,2,3
1938.649989,5.542e-29,0.0399,0.042,5251.0769,0.67,-0.002815,4,7,5,6,2,3
1943.054387,3.853e-26,0.0382,0.04,3782.6546,0.67,-0.002826,4,7,5,6,2,3
1943.350369,1.649e-31,0.0427,0.045,6497.5586,0.67,-0.002809,4,7,5,6,6,3
1943.710984,1.127e-28,0.0403,0.043,5100.2382,0.67,-0.002813,4,7,5,6,2,3
1948.198254,2.979e-31,0.0432,0.046,6370.1677,0.67,-0.002809,4,7,5,6,6,3
1948.266228,8.502e-26,0.0386,0.041,3615.5521,0.67,-0.002822,4,7,5,6,2,3
1948.74266,2.25e-28,0.0408,0.043,4953.0954,0.67,-0.002811,4,7,5,6,2,3
1953.015958,5.282e-31,0.0438,0.046,6246.4695,0.67,-0.00281,4,7,5,6,6,3
1953.449328,1.841e-25,0.039,0.041,3452.1563,0.67,-0.002819,4,7,5,6,2,3
1953.744875,4.409e-28,0.0413,0.044,4809.6541,0.67,-0.00281,4,7,5,6,2,3
1957.803336,9.188e-31,0.0443,0.047,6126.4691,0.67,-0.002811,4,7,5,6,6,3
1958.603542,3.915e-25,0.0395,0.042,3292.4734,0.67,-0.002817,4,7,5,6,2,3
1958.717485,8.479e-28,0.0417,0.044,4669.92,0.67,-0.002809,4,7,5,6,2,3
1962.560242,1.568e-30,0.0448,0.047,6010.1709,0.67,-0.002813,4,7,5,6,6,3
1963.660347,1.6e-27,0.0422,0.045,4533.8983,0.67,-0.002809,4,7,5,6,2,3
1963.728728,8.169e-25,0.0399,0.042,3136.5095,0.67,-0.002815,4,7,5,6,2,3
1967.286532,2.625e-30,0.0454,0.048,5897.5796,0.67,-0.002815,4,7,5,6,6,3
1968.573316,2.964e-27,0.0427,0.045,4401.5943,0.67,-0.002809,4,7,5,6,2,3
1968.824743,1.673e-24,0.0403,0.043,2984.2707,0.67,-0.002813,4,7,5,6,2,3
1971.982063,4.313e-30,0.046,0.049,5788.6996,0.67,-0.002817,4,7,5,6,6,3
1973.456249,5.385e-27,0.0432,0.046,4273.0133,0.67,-0.002809,4,7,5,6,2,3
1973.891443,3.362e-24,0.0408,0.043,2835.7627,0.67,-0.002811,4,7,5,6,2,3
1976.646689,6.948e-30,0.0465,0.049,5683.5351,0.67,-0.002819,4,7,5,6,6,3
1978.309,9.6e-27,0.0438,0.046,4148.1601,0.67,-0.00281,4,7,5,6,2,3
1978.928684,6.631e-24,0.0413,0.044,2690.9913,0.67,-0.00281,4,7,5,6,2,3
1981.280264,1.098e-29,0.0471,0.05,5582.0901,0.67,-0.002822,4,7,5,6,6,3
1983.131428,1.679e-26,0.0443,0.047,4027.0395,0.67,-0.002811,4,7,5,6,2,3
1983.936324,1.283e-23,0.0417,0.044,2549.962,0.67,-0.002809,4,7,5,6,2,3
1985.882645,1.7e-29,0.0477,0.051,5484.3687,0.67,-0.002824,4,7,5,6,6,3
1987.923384,2.881e-26,0.0448,0.047,3909.6562,0.67,-0.002813,4,7,5,6,2,3
1988.914218,2.436e-23,0.0422,0.045,2412.6801,0.67,-0.002809,4,7,5,6,2,3
1990.453685,2.583e-29,0.0483,0.051,5390.3747,0.67,-0.002827,4,7,5,6,6,3
1992.684726,4.849e-26,0.0454,0.048,3796.0149,0.67,-0.002815,4,7,5,6,2,3
1993.862221,4.539e-23,0.0427,0.045,2279.1511,0.67,-0.002809,4,7,5,6,2,3
1994.993239,3.847e-29,0.049,0.052,5300.1117,0.67,-0.002829,4,7,5,6,6,3
1997.415307,8.004e-26,0.046,0.049,3686.1198,0.67,-0.002817,4,7,5,6,2,3
1998.780191,8.297e-23,0.0432,0.046,2149.3799,0.67,-0.002809,4,7,5,6,2,3
1999.501162,5.615e-29,0.0496,0.053,5213.5832,0.67,-0.002831,4,7,5,6,6,3
2002.114985,1.296e-25,0.0465,0.049,3579.9751,0.67,-0.002819,4,7,5,6,2,3
2003.667981,1.488e-22,0.0438,0.046,2023.3715,0.67,-0.00281,4,7,5,6,2,3
2003.977307,8.032e-29,0.0503,0.053,5130.7926,0.67,-0.002832,4,7,5,6,6,3
2006.783612,2.056e-25,0.0471,0.05,3477.5851,0.67,-0.002822,4,7,5,6,2,3
2008.421529,1.126e-28,0.051,0.054,5051.7432,0.67,-0.002832,4,7,5,6,6,3
2008.525448,2.616e-22,0.0443,0.047,1901.1308,0.67,-0.002811,4,7,5,6,2,3
2011.421043,3.201e-25,0.0477,0.051,3378.9537,0.67,-0.002824,4,7,5,6,2,3
2012.833683,1.545e-28,0.0517,0.055,4976.438,0.67,-0.002831,4,7,5,6,6,3
2013.352446,4.512e-22,0.0448,0.047,1782.6624,0.67,-0.002813,4,7,5,6,2,3
2016.027134,4.882e-25,0.0483,0.051,3284.0846,0.67,-0.002827,4,7,5,6,2,3
2017.213621,2.077e-28,0.0524,0.056,4904.8799,0.68,-0.002828,4,7,5,6,6,3
2018.14883,7.633e-22,0.0454,0.048,1667.9709,0.67,-0.002815,4,7,5,6,2,3
2020.601738,7.3e-25,0.049,0.052,3192.9815,0.67,-0.002829,4,7,5,6,2,3
2021.561199,2.732e-28,0.0531,0.057,4837.0717,0.69,-0.002822,4,7,5,6,6,3
2022.914455,1.266e-21,0.046,0.049,1557.0607,0.67,-0.002817,4,7,5,6,2,3
2025.144711,1.07e-24,0.0496,0.053,3105.6479,0.67,-0.002831,4,7,5,6,2,3
2025.876269,3.518e-28,0.0538,0.058,4773.0161,0.7,-0.002814,4,7,5,6,6,3
2027.649176,2.06e-21,0.0465,0.049,1449.9359,0.67,-0.002819,4,7,5,6,2,3
2029.655904,1.536e-24,0.0503,0.053,3022.0873,0.67,-0.002832,4,7,5,6,2,3
2030.158686,4.431e-28,0.0545,0.059,4712.7156,0.71,-0.002803,4,7,5,6,6,3
2032.352848,3.284e-21,0.0471,0.05,1346.6008,0.67,-0.002822,4,7,5,6,2,3
2034.135174,2.16e-24,0.051,0.054,2942.3028,0.67,-0.002832,4,7,5,6,6,3
2034.408303,5.455e-28,0.0553,0.059,4656.1724,0.72,-0.002787,4,7,5,6,6,3
2037.025324,5.134e-21,0.0477,0.051,1247.0592,0.67,-0.002824,4,7,5,6,2,3
2038.582374,2.975e-24,0.0517,0.055,2866.2975,0.67,-0.002831,4,7,5,6,6,3
2038.624974,6.559e-28,0.0561,0.06,4603.3889,0.73,-0.002765,4,7,5,6,6,3
2041.66646,7.865e-21,0.0483,0.051,1151.315,0.67,-0.002827,4,7,5,6,2,3
2042.808552,7.699e-28,0.0569,0.062,4554.367,0.74,-0.002736,4,7,5,6,6,3
2042.997357,4.012e-24,0.0524,0.056,2794.0743,0.68,-0.002828,4,7,5,6,6,3
2046.276109,1.181e-20,0.049,0.052,1059.3718,0.67,-0.00298,4,7,5,6,2,3
2046.958891,8.811e-28,0.0577,0.063,4509.1088,0.75,-0.002699,4,7,5,6,6,3
2047.379978,5.296e-24,0.0531,0.057,2725.6361,0.69,-0.002822,4,7,5,6,6,3
2050.854126,1.738e-20,0.0496,0.053,971.2332,0.67,-0.00335,4,7,5,6,2,3
2051.075844,9.82e-28,0.0586,0.064,4467.6158,0.75,-0.002651,4,7,5,6,6,3
2051.73009,6.838e-24,0.0538,0.058,2660.9855,0.7,-0.002814,4,7,5,6,6,3
2055.159265,1.063e-27,0.0595,0.065,4429.8898,0.75,-0.002591,4,7,5,6,6,3
2055.400364,2.504e-20,0.0503,0.053,886.9024,0.67,-0.00363,4,7,5,6,2,3
2056.047547,8.636e-24,0.0545,0.059,2600.1249,0.71,-0.002803,4,7,5,6,6,3
2059.209006,1.117e-27,0.0606,0.066,4395.9322,0.75,-0.002514,4,7,5,6,6,3
2059.914677,3.535e-20,0.051,0.054,806.3828,0.67,-0.00305,4,7,5,6,6,3
2060.332203,1.066e-23,0.0553,0.059,2543.0567,0.72,-0.002787,4,7,5,6,6,3
2063.224922,1.135e-27,0.0618,0.068,4365.7443,0.75,-0.002418,4,7,5,6,6,3
2064.39692,4.885e-20,0.0517,0.055,729.6774,0.67,-0.00341,4,7,5,6,6,3
2064.58391,1.285e-23,0.0561,0.06,2489.7831,0.73,-0.002765,4,7,5,6,6,3
2067.206865,1.107e-27,0.0632,0.069,4339.3274,0.74,-0.002298,4,7,5,6,6,3
2068.802522,1.511e-23,0.0569,0.062,2440.3062,0.74,-0.002736,4,7,5,6,6,3
2068.846945,6.609e-20,0.0524,0.056,656.7892,0.68,-0.0035,4,7,5,6,6,3
2071.154689,1.033e-27,0.0651,0.071,4316.6824,0.74,-0.002148,4,7,5,6,6,3
2072.987893,1.734e-23,0.0577,0.063,2394.6279,0.75,-0.002699,4,7,5,6,6,3
2073.264607,8.75e-20,0.0531,0.057,587.7209,0.69,-0.00335,4,7,5,6,6,3
2075.068247,9.071e-28,0.0677,0.074,4297.8102,0.74,-0.001961,4,7,5,6,6,3
2077.139876,1.936e-23,0.0586,0.064,2352.7499,0.75,-0.002651,4,7,5,6,6,3
2077.649758,1.133e-19,0.0538,0.058,522.4751,0.7,-0.00329,4,7,5,6,6,3
2078.947391,7.335e-28,0.0712,0.077,4282.7116,0.74,-0.001726,4,7,5,6,6,3
2081.258324,2.1e-23,0.0595,0.065,2314.6739,0.75,-0.002591,4,7,5,6,6,3
2082.002253,1.435e-19,0.0545,0.059,461.0544,0.71,-0.00326,4,7,5,6,6,3
2082.791976,5.176e-28,0.0757,0.081,4271.3871,0.75,-0.001431,4,7,5,6,6,3
2085.34309,2.21e-23,0.0606,0.066,2280.4012,0.75,-0.002514,4,7,5,6,6,3
2086.321945,1.776e-19,0.0553,0.059,403.4612,0.72,-0.00335,4,7,5,6,6,3
2086.601854,2.69e-28,0.0803,0.087,4263.8372,0.76,-0.00106,4,7,5,6,6,3
2089.394028,2.246e-23,0.0618,0.068,2249.9334,0.75,-0.002418,4,7,5,6,6,3
2090.608687,2.145e-19,0.0561,0.06,349.6975,0.73,-0.00351,4,7,5,6,6,3
2093.410991,2.196e-23,0.0632,0.069,2223.2714,0.74,-0.002298,4,7,5,6,6,3
2094.116902,2.75e-28,0.0803,0.087,4260.0622,0.76,-0.002018,4,7,5,6,6,3
2094.862333,2.529e-19,0.0569,0.062,299.7656,0.74,-0.00341,4,7,5,6,6,3
2097.393832,2.049e-23,0.0651,0.071,2200.4164,0.74,-0.002148,4,7,5,6,6,3
2097.821778,5.411e-28,0.0757,0.081,4263.8372,0.75,-0.001922,4,7,5,6,6,3
2099.082735,2.908e-19,0.0577,0.063,253.6672,0.75,-0.00362,4,7,5,6,6,3
2101.342404,1.802e-23,0.0677,0.074,2181.3692,0.74,-0.001961,4,7,5,6,6,3
2101.49136,7.838e-28,0.0712,0.077,4271.3871,0.74,-0.001841,4,7,5,6,6,3
2103.269747,3.253e-19,0.0586,0.064,211.4041,0.75,-0.00357,4,7,5,6,6,3
2105.1255,9.908e-28,0.0677,0.074,4282.7116,0.74,-0.00178,4,7,5,6,6,3
2105.25656,1.458e-23,0.0712,0.077,2166.1305,0.74,-0.001726,4,7,5,6,6,3
2107.423222,3.535e-19,0.0595,0.065,172.978,0.75,-0.00359,4,7,5,6,6,3
2108.724053,1.153e-27,0.0651,0.071,4297.8102,0.74,-0.001736,4,7,5,6,6,3
2109.136154,1.03e-23,0.0757,0.081,2154.701,0.75,-0.001431,4,7,5,6,6,3
2111.543014,3.725e-19,0.0606,0.066,138.3904,0.75,-0.00358,4,7,5,6,6,3
2112.286871,1.265e-27,0.0632,0.069,4316.6824,0.74,-0.00171,4,7,5,6,6,3
2112.981038,5.354e-24,0.0803,0.087,2147.0811,0.76,-0.00106,4,7,5,6,6,3
2115.628975,3.793e-19,0.0618,0.068,107.6424,0.75,-0.00349,4,7,5,6,6,3
2115.813807,1.324e-27,0.0618,0.068,4339.3274,0.75,-0.0017,4,7,5,6,6,3
2119.304715,1.334e-27,0.0606,0.066,4365.7443,0.75,-0.001704,4,7,5,6,6,3
2119.680959,3.713e-19,0.0632,0.069,80.7354,0.74,-0.00344,4,7,5,6,6,3
2120.566089,5.474e-24,0.0803,0.087,2143.2711,0.76,-0.002018,4,7,5,6,6,3
2122.759447,1.298e-27,0.0595,0.065,4395.9322,0.75,-0.00172,4,7,5,6,6,3
2123.698818,3.468e-19,0.0651,0.071,57.6704,0.74,-0.00331,4,7,5,6,6,3
2124.305963,1.077e-23,0.0757,0.081,2147.0811,0.75,-0.001922,4,7,5,6,6,3
2126.177857,1.225e-27,0.0586,0.064,4429.8898,0.75,-0.001746,4,7,5,6,6,3
2127.682406,3.052e-19,0.0677,0.074,38.4481,0.74,-0.00309,4,7,5,6,6,3
2128.01054,1.559e-23,0.0712,0.077,2154.701,0.74,-0.001841,4,7,5,6,6,3
2129.559799,1.124e-27,0.0577,0.063,4467.6158,0.75,-0.001781,4,7,5,6,6,3
2131.631576,2.472e-19,0.0712,0.077,23.0695,0.74,-0.00203,4,7,5,6,6,3
2131.679673,1.971e-23,0.0677,0.074,2166.1305,0.74,-0.00178,4,7,5,6,6,3
2132.905125,1.004e-27,0.0569,0.062,4509.1088,0.74,-0.001824,4,7,5,6,6,3
2135.313215,2.292e-23,0.0651,0.071,2181.3692,0.74,-0.001736,4,7,5,6,6,3
2135.54618,1.746e-19,0.0757,0.081,11.535,0.75,-0.00266,4,7,5,6,6,3
2136.213688,8.743e-28,0.0561,0.06,4554.367,0.73,-0.001872,4,7,5,6,6,3
2138.91102,2.512e-23,0.0632,0.069,2200.4164,0.74,-0.00171,4,7,5,6,6,3
2139.426073,9.083e-20,0.0803,0.087,3.845,0.76,-0.00301,4,7,5,6,6,3
2139.485343,7.431e-28,0.0553,0.059,4603.3889,0.72,-0.001924,4,7,5,6,6,3
2142.47294,2.627e-23,0.0618,0.068,2223.2714,0.75,-0.0017,4,7,5,6,6,3
2142.719943,6.172e-28,0.0545,0.059,4656.1724,0.71,-0.001981,4,7,5,6,6,3
2145.917341,5.01e-28,0.0538,0.058,4712.7156,0.7,-0.00204,4,7,5,6,6,3
2145.998829,2.643e-23,0.0606,0.066,2249.9334,0.75,-0.001704,4,7,5,6,6,3
2147.081134,9.29e-20,0.0803,0.087,0,0.76,-0.0021,4,7,5,6,6,3
2149.07739,3.978e-28,0.0531,0.057,4773.0161,0.69,-0.002101,4,7,5,6,6,3
2149.48854,2.569e-23,0.0595,0.065,2280.4012,0.75,-0.00172,4,7,5,6,6,3
2150.856008,1.828e-19,0.0757,0.081,3.845,0.75,-0.0024,4,7,5,6,6,3
2152.199945,3.09e-28,0.0524,0.056,4837.0717,0.68,-0.002163,4,7,5,6,6,3
2152.941927,2.421e-23,0.0586,0.064,2314.6739,0.75,-0.001746,4,7,5,6,6,3
2154.595583,2.646e-19,0.0712,0.077,11.535,0.74,-0.00262,4,7,5,6,6,3
2155.284858,2.35e-28,0.0517,0.055,4904.8799,0.67,-0.002226,4,7,5,6,6,3
2156.358842,2.217e-23,0.0577,0.063,2352.7499,0.75,-0.001781,4,7,5,6,6,3
2158.299712,3.342e-19,0.0677,0.074,23.0695,0.74,-0.00253,4,7,5,6,6,3
2158.331984,1.75e-28,0.051,0.054,4976.438,0.67,-0.00229,4,7,5,6,6,3
2159.73914,1.977e-23,0.0569,0.062,2394.6279,0.74,-0.001824,4,7,5,6,6,3
2161.341176,1.277e-28,0.0503,0.053,5051.7432,0.67,-0.002353,4,7,5,6,6,3
2161.968247,3.884e-19,0.0651,0.071,38.4481,0.74,-0.00266,4,7,5,6,6,3
2163.082673,1.718e-23,0.0561,0.06,2440.3062,0.73,-0.001872,4,7,5,6,6,3
2164.312288,9.122e-29,0.0496,0.053,5130.7926,0.67,-0.002416,4,7,5,6,6,3
2165.601042,4.253e-19,0.0632,0.069,57.6704,0.74,-0.00259,4,7,5,6,6,3
2166.389295,1.457e-23,0.0553,0.059,2489.7831,0.72,-0.001924,4,7,5,6,6,3
2167.245173,6.388e-29,0.049,0.052,5213.5832,0.67,-0.002479,4,7,5,6,6,3
2169.19795,4.444e-19,0.0618,0.068,80.7354,0.75,-0.00254,4,7,5,6,6,3
2169.65886,1.207e-23,0.0545,0.059,2543.0567,0.71,-0.001981,4,7,5,6,6,3
2170.139686,4.385e-29,0.0483,0.051,5300.1117,0.67,-0.00254,4,7,5,6,6,3
2172.758825,4.465e-19,0.0606,0.066,107.6424,0.75,-0.0026,4,7,5,6,6,3
2172.891222,9.778e-24,0.0538,0.058,2600.1249,0.7,-0.00204,4,7,5,6,6,3
2172.995681,2.95e-29,0.0477,0.051,5390.3747,0.67,-0.002601,4,7,5,6,6,3
2175.813011,1.946e-29,0.0471,0.05,5484.3687,0.67,-0.002661,4,7,5,6,6,3
2176.086233,7.743e-24,0.0531,0.057,2660.9855,0.69,-0.002101,4,7,5,6,6,3
2176.283519,4.335e-19,0.0595,0.065,138.3904,0.75,-0.00242,4,7,5,6,6,3
2178.591531,1.259e-29,0.0465,0.049,5582.0901,0.67,-0.002719,4,7,5,6,6,3
2179.243748,5.999e-24,0.0524,0.056,2725.6361,0.68,-0.002163,4,7,5,6,6,3
2179.771887,4.079e-19,0.0586,0.064,172.978,0.75,-0.00255,4,7,5,6,6,3
2181.331094,7.986e-30,0.046,0.049,5683.5351,0.67,-0.002777,4,7,5,6,6,3
2182.36362,4.548e-24,0.0517,0.055,2794.0743,0.67,-0.002226,4,7,5,6,6,3
2183.223781,3.729e-19,0.0577,0.063,211.4041,0.75,-0.00254,4,7,5,6,6,3
2184.031555,4.97e-30,0.0454,0.048,5788.6996,0.67,-0.002833,4,7,5,6,6,3
2185.445703,3.376e-24,0.051,0.054,2866.2975,0.67,-0.00229,4,7,5,6,6,3
2186.639055,3.319e-19,0.0569,0.062,253.6672,0.74,-0.0025,4,7,5,6,6,3
2186.692768,3.033e-30,0.0448,0.047,5897.5796,0.67,-0.002887,4,7,5,6,6,3
2188.489851,2.454e-24,0.0503,0.053,2942.3028,0.67,-0.002353,4,7,5,6,2,3
2189.314587,1.816e-30,0.0443,0.047,6010.1709,0.67,-0.002941,4,7,5,6,6,3
2190.017563,2.879e-19,0.0561,0.06,299.7656,0.73,-0.00258,4,7,5,6,6,3
2191.495919,1.747e-24,0.0496,0.053,3022.0873,0.67,-0.002416,4,7,5,6,2,3
2191.896867,1.067e-30,0.0438,0.046,6126.4691,0.67,-0.002993,4,7,5,6,6,3
2193.359157,2.437e-19,0.0553,0.059,349.6975,0.72,-0.00259,4,7,5,6,6,3
2194.439462,6.149e-31,0.0432,0.046,6246.4695,0.67,-0.003043,4,7,5,6,6,3
2194.463759,1.219e-24,0.049,0.052,3105.6479,0.67,-0.002479,4,7,5,6,2,3
2196.663693,2.015e-19,0.0545,0.059,403.4612,0.71,-0.00264,4,7,5,6,6,3
2196.942226,3.478e-31,0.0427,0.045,6370.1677,0.67,-0.003092,4,7,5,6,6,3
2197.393227,8.338e-25,0.0483,0.051,3192.9815,0.67,-0.00254,4,7,5,6,2,3
2199.405015,1.931e-31,0.0422,0.045,6497.5586,0.67,-0.00314,4,7,5,6,6,3
2199.931023,1.627e-19,0.0538,0.058,461.0544,0.7,-0.00269,4,7,5,6,6,3
2200.284176,5.587e-25,0.0477,0.051,3284.0846,0.67,-0.002601,4,7,5,6,2,3
2201.827683,1.052e-31,0.0417,0.044,6628.6374,0.67,-0.003187,4,7,5,6,6,3
2203.13646,3.67e-25,0.0471,0.05,3378.9537,0.67,-0.002661,4,7,5,6,2,3
2203.161001,1.285e-19,0.0531,0.057,522.4751,0.69,-0.00274,4,7,5,6,6,3
2205.949934,2.364e-25,0.0465,0.049,3477.5851,0.67,-0.002719,4,7,5,6,2,3
2206.353482,9.927e-20,0.0524,0.056,587.7209,0.68,-0.00287,4,7,5,6,6,3
2208.724452,1.493e-25,0.046,0.049,3579.9751,0.67,-0.002777,4,7,5,6,2,3
2209.508319,7.504e-20,0.0517,0.055,656.7892,0.67,-0.00265,4,7,5,6,6,3
2211.459869,9.246e-26,0.0454,0.048,3686.1198,0.67,-0.002833,4,7,5,6,2,3
2212.625365,5.553e-20,0.051,0.054,729.6774,0.67,-0.00279,4,7,5,6,6,3
2214.156039,5.616e-26,0.0448,0.047,3796.0149,0.67,-0.002887,4,7,5,6,2,3
2215.704476,4.023e-20,0.0503,0.053,806.3828,0.67,-0.00313,4,7,5,6,2,3
2216.812816,3.346e-26,0.0443,0.047,3909.6562,0.67,-0.002941,4,7,5,6,2,3
2218.745505,2.855e-20,0.0496,0.053,886.9024,0.67,-0.00314,4,7,5,6,2,3
2219.430056,1.955e-26,0.0438,0.046,4027.0395,0.67,-0.002993,4,7,5,6,2,3
2221.748306,1.985e-20,0.049,0.052,971.2332,0.67,-0.00278,4,7,5,6,2,3
2222.007612,1.121e-26,0.0432,0.046,4148.1601,0.67,-0.003043,4,7,5,6,2,3
2224.545341,6.306e-27,0.0427,0.045,4273.0133,0.67,-0.003092,4,7,5,6,2,3
2224.712734,1.351e-20,0.0483,0.051,1059.3718,0.67,-0.00288,4,7,5,6,2,3
2227.043097,3.48e-27,0.0422,0.045,4401.5943,0.67,-0.00314,4,7,5,6,2,3
2227.638643,9.022e-21,0.0477,0.051,1151.315,0.67,-0.002601,4,7,5,6,2,3
2229.500734,1.885e-27,0.0417,0.044,4533.8983,0.67,-0.003187,4,7,5,6,2,3
2230.525888,5.902e-21,0.0471,0.05,1247.0592,0.67,-0.002661,4,7,5,6,2,3
2231.918108,1.002e-27,0.0413,0.044,4669.92,0.67,-0.003232,4,7,5,6,2,3
2233.374323,3.785e-21,0.0465,0.049,1346.6008,0.67,-0.002719,4,7,5,6,2,3
2234.295073,5.224e-28,0.0408,0.043,4809.6541,0.67,-0.003276,4,7,5,6,2,3
2236.183803,2.379e-21,0.046,0.049,1449.9359,0.67,-0.002777,4,7,5,6,2,3
2236.631486,2.674e-28,0.0403,0.043,4953.0954,0.67,-0.003318,4,7,5,6,2,3
2238.9272,1.344e-28,0.0399,0.042,5100.2382,0.67,-0.00336,4,7,5,6,2,3
2238.954182,1.467e-21,0.0454,0.048,1557.0607,0.67,-0.002833,4,7,5,6,2,3
2241.182072,6.626e-29,0.0395,0.042,5251.0769,0.67,-0.0034,4,7,5,6,2,3
2241.685315,8.865e-22,0.0448,0.047,1667.9709,0.67,-0.002887,4,7,5,6,2,3
2243.395957,3.208e-29,0.039,0.041,5405.6056,0.67,-0.003439,4,7,5,6,2,3
2244.377056,5.255e-22,0.0443,0.047,1782.6624,0.67,-0.002941,4,7,5,6,2,3
2245.56871,1.524e-29,0.0386,0.041,5563.8184,0.67,-0.003476,4,7,5,6,2,3
2247.029262,3.055e-22,0.0438,0.046,1901.1308,0.67,-0.002993,4,7,5,6,2,3
2247.700187,7.112e-30,0.0382,0.04,5725.709,0.67,-0.003513,4,7,5,6,2,3
2249.641788,1.742e-22,0.0432,0.046,2023.3715,0.67,-0.003043,4,7,5,6,2,3
2249.790242,3.258e-30,0.0378,0.04,5891.2714,0.67,-0.003549,4,7,5,6,2,3
2251.838733,1.465e-30,0.0374,0.04,6060.499,0.67,-0.003583,4,7,5,6,2,3
2252.214487,9.745e-23,0.0427,0.045,2149.3799,0.67,-0.003092,4,7,5,6,2,3
2253.845514,6.47e-31,0.037,0.039,6233.3853,0.67,-0.003617,4,7,5,6,2,3
2254.747216,5.348e-23,0.0422,0.045,2279.1511,0.67,-0.00314,4,7,5,6,2,3
2255.810441,2.806e-31,0.0366,0.039,6409.9236,0.67,-0.003649,4,7,5,6,2,3
2257.239829,2.879e-23,0.0417,0.044,2412.6801,0.67,-0.003187,4,7,5,6,2,3
2257.73337,1.195e-31,0.0362,0.038,6590.1071,0.67,-0.003681,4,7,5,6,2,3
2259.692183,1.521e-23,0.0413,0.044,2549.962,0.67,-0.003232,4,7,5,6,2,3
2262.104132,7.883e-24,0.0408,0.043,2690.9913,0.67,-0.003276,4,7,5,6,2,3
2264.475532,4.009e-24,0.0403,0.043,2835.7627,0.67,-0.003318,4,7,5,6,2,3
2266.806239,2.001e-24,0.0399,0.042,2984.2707,0.67,-0.00336,4,7,5,6,2,3
2269.096108,9.8e-25,0.0395,0.042,3136.5095,0.67,-0.0034,4,7,5,6,2,3
2271.344996,4.713e-25,0.039,0.041,3292.4734,0.67,-0.003439,4,7,5,6,2,3
2273.552757,2.224e-25,0.0386,0.041,3452.1563,0.67,-0.003476,4,7,5,6,2,3
2275.719249,1.03e-25,0.0382,0.04,3615.5521,0.67,-0.003513,4,7,5,6,2,3
2277.844326,4.683e-26,0.0378,0.04,3782.6546,0.67,-0.003549,4,7,5,6,2,3
2279.927846,2.09e-26,0.0374,0.04,3953.4574,0.67,-0.003583,4,7,5,6,2,3
2281.969664,9.16e-27,0.037,0.039,4127.9539,0.67,-0.003617,4,7,5,6,2,3
2283.969636,3.941e-27,0.0366,0.039,4306.1375,0.67,-0.003649,4,7,5,6,2,3
2285.927619,1.665e-27,0.0362,0.038,4488.0012,0.67,-0.003681,4,7,5,6,2,3
2287.843469,6.904e-28,0.0359,0.038,4673.5381,0.67,-0.003711,4,7,5,6,2,3
2289.717042,2.812e-28,0.0355,0.038,4862.7411,0.67,-0.003741,3,7,5,6,2,3
2291.548195,1.124e-28,0.0352,0.037,5055.6029,0.67,-0.00377,3,7,5,6,2,3
2293.336784,4.416e-29,0.0348,0.037,5252.1162,0.67,-0.003798,3,7,5,6,2,3
2295.082667,1.703e-29,0.0345,0.037,5452.2733,0.67,-0.003825,3,7,5,6,2,3
2296.785698,6.45e-30,0.0342,0.036,5656.0666,0.67,-0.003852,3,7,5,6,2,3
2298.445736,2.4e-30,0.0338,0.036,5863.4883,0.67,-0.003877,3,7,5,6,2,3
2300.062637,8.77e-31,0.0335,0.036,6074.5304,0.67,-0.003902,3,7,5,6,2,3
2301.636256,3.148e-31,0.0332,0.035,6289.1847,0.67,-0.003926,3,7,5,6,2,3
2303.166452,1.11e-31,0.0329,0.035,6507.4431,0.67,-0.00395,3,7,5,6,2,3
3970.718034,2.264e-31,0.0352,0.037,5252.1162,0.74,-0.006176,3,7,5,6,2,3
3977.940024,5.796e-31,0.0355,0.038,5055.6029,0.74,-0.006154,3,7,5,6,2,3
3985.09938,1.457e-30,0.0359,0.038,4862.7411,0.74,-0.006132,4,7,5,6,2,3
3988.681183,1.282e-31,0.039,0.041,5563.8184,0.7,-0.005949,4,6,5,6,2,3
3992.195964,3.598e-30,0.0362,0.038,4673.5381,0.74,-0.006109,4,7,5,6,2,3
3995.235519,2.712e-31,0.0395,0.042,5405.6056,0.7,-0.005925,4,6,5,6,2,3
3999.229636,8.723e-30,0.0366,0.039,4488.0012,0.74,-0.006087,4,7,5,6,2,3
4001.725809,5.633e-31,0.0399,0.042,5251.0769,0.7,-0.005902,4,6,5,6,2,3
4006.200258,2.076e-29,0.037,0.039,4306.1375,0.74,-0.006064,4,7,5,6,2,3
4008.151913,1.149e-30,0.0403,0.043,5100.2382,0.7,-0.005878,4,6,5,6,2,3
4013.107689,4.854e-29,0.0374,0.04,4127.9539,0.74,-0.006041,4,7,5,6,2,3
4014.513688,2.299e-30,0.0408,0.043,4953.0954,0.7,-0.005855,4,6,5,6,2,3
4019.951789,1.114e-28,0.0378,0.04,3953.4574,0.74,-0.006018,4,7,5,6,2,3
4020.810991,4.517e-30,0.0413,0.044,4809.6541,0.7,-0.005831,4,6,5,6,2,3
4026.732418,2.51e-28,0.0382,0.04,3782.6546,0.74,-0.005995,4,7,5,6,2,3
4027.04368,8.71e-30,0.0417,0.044,4669.92,0.7,-0.005807,4,6,5,6,2,3
4028.392595,1.005e-31,0.0465,0.049,5683.5351,0.7,-0.005589,4,6,5,6,6,3
4033.211613,1.648e-29,0.0422,0.045,4533.8983,0.7,-0.005784,4,6,5,6,2,3
4033.449435,5.551e-28,0.0386,0.041,3615.5521,0.74,-0.005972,4,7,5,6,2,3
4033.936141,1.592e-31,0.0471,0.05,5582.0901,0.71,-0.005563,4,6,5,6,6,3
4039.314646,3.061e-29,0.0427,0.045,4401.5943,0.7,-0.00576,4,6,5,6,2,3
4039.413489,2.475e-31,0.0477,0.051,5484.3687,0.71,-0.005537,4,6,5,6,6,3
4040.102697,1.205e-27,0.039,0.041,3452.1563,0.74,-0.005949,4,7,5,6,2,3
4044.824495,3.771e-31,0.0483,0.051,5390.3747,0.72,-0.00551,4,6,5,6,6,3
4045.352635,5.577e-29,0.0432,0.046,4273.0133,0.7,-0.005736,4,6,5,6,2,3
4046.692065,2.569e-27,0.0395,0.042,3292.4734,0.74,-0.005925,4,7,5,6,2,3
4050.169014,5.633e-31,0.049,0.052,5300.1117,0.72,-0.005483,4,6,5,6,8,3
4051.325438,9.97e-29,0.0438,0.046,4148.1601,0.7,-0.005712,4,6,5,6,6,3
4053.217395,5.374e-27,0.0399,0.042,3136.5095,0.74,-0.005902,4,7,5,6,2,3
4055.4469,8.247e-31,0.0496,0.053,5213.5832,0.73,-0.005454,4,6,5,6,8,3
4057.232911,1.749e-28,0.0443,0.047,4027.0395,0.7,-0.005688,4,6,5,6,6,3
4059.678545,1.103e-26,0.0403,0.043,2984.2707,0.74,-0.005878,4,7,5,6,2,3
4060.658009,1.183e-30,0.0503,0.053,5130.7926,0.73,-0.005424,4,6,5,6,8,3
4063.074909,3.009e-28,0.0448,0.047,3909.6562,0.7,-0.005663,4,7,5,6,6,3
4065.802194,1.664e-30,0.051,0.054,5051.7432,0.74,-0.005392,4,6,5,6,8,3
4066.075373,2.223e-26,0.0408,0.043,2835.7627,0.74,-0.005855,4,7,5,6,2,3
4068.851287,5.08e-28,0.0454,0.048,3796.0149,0.7,-0.005639,4,7,5,6,6,3
4070.879311,2.291e-30,0.0517,0.055,4976.438,0.74,-0.005359,4,6,5,6,8,3
4072.407736,4.397e-26,0.0413,0.044,2690.9913,0.74,-0.005831,4,7,5,6,2,3
4074.561902,8.41e-28,0.046,0.049,3686.1198,0.7,-0.005614,4,7,5,6,6,3
4075.889213,3.09e-30,0.0524,0.056,4904.8799,0.75,-0.005323,4,6,5,6,8,3
4078.675491,8.532e-26,0.0417,0.044,2549.962,0.74,-0.005807,4,7,5,6,2,3
4080.206608,1.365e-27,0.0465,0.049,3579.9751,0.7,-0.005589,4,7,5,6,6,3
4080.831756,4.079e-30,0.0531,0.057,4837.0717,0.75,-0.005284,4,6,5,6,8,3
4084.878494,1.625e-25,0.0422,0.045,2412.6801,0.74,-0.005784,4,7,5,6,2,3
4085.706792,5.27e-30,0.0538,0.058,4773.0161,0.76,-0.005241,4,6,5,6,8,3
4085.785262,2.174e-27,0.0471,0.05,3477.5851,0.71,-0.005563,4,7,5,6,6,3
4090.514176,6.659e-30,0.0545,0.059,4712.7156,0.76,-0.005194,4,6,5,6,8,3
4091.016602,3.035e-25,0.0427,0.045,2279.1511,0.74,-0.00576,4,7,5,6,2,3
4091.297718,3.394e-27,0.0477,0.051,3378.9537,0.71,-0.005537,4,7,5,6,6,3
4095.253762,8.225e-30,0.0553,0.059,4656.1724,0.77,-0.005142,4,6,5,6,8,3
4096.74383,5.193e-27,0.0483,0.051,3284.0846,0.72,-0.00551,4,7,5,6,6,3
4097.089671,5.563e-25,0.0432,0.046,2149.3799,0.74,-0.005736,4,7,5,6,2,3
4099.925403,9.926e-30,0.0561,0.06,4603.3889,0.78,-0.005083,4,6,5,6,8,3
4102.123454,7.79e-27,0.049,0.052,3192.9815,0.72,-0.005483,4,7,5,6,8,3
4103.097556,1e-24,0.0438,0.046,2023.3715,0.74,-0.005712,4,7,5,6,2,3
4104.528953,1.169e-29,0.0569,0.062,4554.367,0.78,-0.005016,4,6,5,6,8,3
4107.436444,1.145e-26,0.0496,0.053,3105.6479,0.73,-0.005454,4,7,5,6,8,3
4109.040115,1.764e-24,0.0443,0.047,1901.1308,0.74,-0.005688,4,7,5,6,2,3
4109.064265,1.343e-29,0.0577,0.063,4509.1088,0.79,-0.004939,4,6,5,6,8,3
4112.682654,1.65e-26,0.0503,0.053,3022.0873,0.73,-0.005424,4,7,5,6,8,3
4113.531195,1.502e-29,0.0586,0.064,4467.6158,0.79,-0.00485,4,6,5,6,8,3
4114.9172,3.052e-24,0.0448,0.047,1782.6624,0.74,-0.005663,4,8,5,6,2,3
4117.861938,2.328e-26,0.051,0.054,2942.3028,0.74,-0.005392,4,7,5,6,8,3
4117.929593,1.633e-29,0.0595,0.065,4429.8898,0.79,-0.004746,4,6,5,6,8,3
4120.728658,5.179e-24,0.0454,0.048,1667.9709,0.74,-0.005639,4,8,5,6,2,3
4122.259315,1.721e-29,0.0606,0.066,4395.9322,0.79,-0.004623,4,6,5,6,8,3
4122.974151,3.217e-26,0.0517,0.055,2866.2975,0.74,-0.005359,4,7,5,6,8,3
4126.474366,8.617e-24,0.046,0.049,1557.0607,0.74,-0.005614,4,8,5,6,2,3
4126.520213,1.754e-29,0.0618,0.068,4365.7443,0.78,-0.004478,4,6,5,6,8,3
4128.019146,4.353e-26,0.0524,0.056,2794.0743,0.75,-0.005323,4,7,5,6,8,3
4130.712142,1.719e-29,0.0632,0.069,4339.3274,0.77,-0.004303,4,6,5,6,8,3
4132.154167,1.406e-23,0.0465,0.049,1449.9359,0.74,-0.005589,4,8,5,6,2,3
4132.996778,5.764e-26,0.0531,0.057,2725.6361,0.75,-0.005284,4,7,5,6,8,3
4134.834953,1.608e-29,0.0651,0.071,4316.6824,0.76,-0.004091,4,6,5,6,8,3
4137.767916,2.249e-23,0.0471,0.05,1346.6008,0.74,-0.005563,4,8,5,6,2,3
4137.9069,7.469e-26,0.0538,0.058,2660.9855,0.76,-0.005241,4,7,5,6,8,3
4138.8885,1.418e-29,0.0677,0.074,4297.8102,0.76,-0.003831,4,6,5,6,8,3
4142.749366,9.464e-26,0.0545,0.059,2600.1249,0.76,-0.005194,4,7,5,6,8,3
4142.872637,1.151e-29,0.0712,0.077,4282.7116,0.77,-0.00351,4,6,5,6,8,3
4143.315466,3.526e-23,0.0477,0.051,1247.0592,0.74,-0.005537,4,8,5,6,2,3
4146.787216,8.157e-30,0.0757,0.081,4271.3871,0.77,-0.003108,4,6,5,6,8,3
4147.52403,1.172e-25,0.0553,0.059,2543.0567,0.77,-0.005142,4,7,5,6,8,3
4148.796673,5.42e-23,0.0483,0.051,1151.315,0.74,-0.00551,5,8,5,6,2,3
4150.632092,4.256e-30,0.0803,0.087,4263.8372,0.78,-0.002599,4,6,5,6,8,3
4152.230745,1.418e-25,0.0561,0.06,2489.7831,0.78,-0.005083,4,7,5,6,8,3
4154.21139,8.164e-23,0.049,0.054,1059.3718,0.74,-0.005587,5,8,5,7,2,5
4156.869364,1.674e-25,0.0569,0.062,2440.3062,0.78,-0.005016,4,7,5,6,8,3
4158.112142,4.385e-30,0.0803,0.087,4260.0622,0.78,-0.003557,4,6,5,6,8,3
4159.559472,1.205e-22,0.0496,0.054,971.2332,0.74,-0.005084,5,8,5,7,2,5
4161.439741,1.927e-25,0.0577,0.063,2394.6279,0.79,-0.004939,4,7,5,6,8,3
4161.747023,8.661e-30,0.0757,0.081,4263.8372,0.78,-0.003598,4,6,5,6,8,3
4164.840773,1.742e-22,0.0503,0.054,886.9024,0.74,-0.005939,5,8,5,7,2,5
4165.311613,1.26e-29,0.0712,0.077,4271.3871,0.77,-0.003625,4,6,5,6,8,3
4165.941729,2.159e-25,0.0586,0.064,2352.7499,0.79,-0.00485,4,7,5,6,8,3
4168.805764,1.599e-29,0.0677,0.074,4282.7116,0.76,-0.00365,4,6,5,6,8,3
4170.055146,2.468e-22,0.051,0.054,806.3828,0.74,-0.005465,5,8,5,7,7,5
4170.375182,2.352e-25,0.0595,0.065,2314.6739,0.79,-0.004746,4,7,5,6,8,3
4172.229329,1.869e-29,0.0651,0.071,4297.8102,0.76,-0.003678,4,6,5,6,8,3
4174.739953,2.483e-25,0.0606,0.066,2280.4012,0.79,-0.004623,4,7,5,6,8,3
4175.202446,3.422e-22,0.0517,0.054,729.6774,0.74,-0.005354,5,8,5,7,8,5
4175.582162,2.058e-29,0.0632,0.069,4316.6824,0.77,-0.003714,4,6,5,6,8,3
4178.864116,2.164e-29,0.0618,0.068,4339.3274,0.78,-0.003759,4,6,5,6,8,3
4179.035895,2.534e-25,0.0618,0.068,2249.9334,0.78,-0.004478,4,7,5,6,8,3
4180.282526,4.646e-22,0.0524,0.054,656.7892,0.76,-0.005312,6,8,5,7,8,5
4182.075043,2.188e-29,0.0606,0.066,4365.7443,0.79,-0.003813,4,6,5,6,8,3
4183.262861,2.487e-25,0.0632,0.069,2223.2714,0.77,-0.004303,4,7,5,6,8,3
4185.214797,2.138e-29,0.0595,0.065,4395.9322,0.79,-0.003875,4,6,5,6,8,3
4185.29524,6.172e-22,0.0531,0.054,587.7209,0.76,-0.005224,6,8,5,7,8,5
4187.420705,2.329e-25,0.0651,0.071,2200.4164,0.76,-0.004091,4,7,5,6,8,3
4188.283232,2.027e-29,0.0586,0.064,4429.8898,0.78,-0.003945,4,6,5,6,8,3
4190.240441,8.022e-22,0.0538,0.054,522.4751,0.76,-0.005228,6,8,5,7,8,5
4191.280199,1.867e-29,0.0577,0.063,4467.6158,0.78,-0.004022,4,6,5,6,8,3
4191.509279,2.056e-25,0.0677,0.074,2181.3692,0.76,-0.003831,4,7,5,6,8,3
4194.205553,1.675e-29,0.0569,0.062,4509.1088,0.77,-0.004104,4,6,5,6,8,3
4195.117982,1.019e-21,0.0545,0.054,461.0544,0.76,-0.005105,6,8,5,7,8,5
4195.528436,1.67e-25,0.0712,0.077,2166.1305,0.77,-0.00351,4,7,5,6,8,3
4197.059147,1.465e-29,0.0561,0.06,4554.367,0.77,-0.00419,4,6,5,6,8,3
4199.478031,1.184e-25,0.0757,0.081,2154.701,0.77,-0.003108,4,7,5,6,8,3
4199.840834,1.251e-29,0.0553,0.059,4603.3889,0.76,-0.00428,4,6,5,6,8,3
4199.927718,1.266e-21,0.0553,0.054,403.4612,0.77,-0.005048,6,8,5,7,8,5
4202.550466,1.043e-29,0.0545,0.059,4656.1724,0.76,-0.004372,4,6,5,6,8,3
4203.357916,6.181e-26,0.0803,0.087,2147.0811,0.78,-0.002599,4,7,5,6,8,3
4204.669501,1.535e-21,0.0561,0.054,349.6975,0.78,-0.004926,6,8,5,7,8,5
4205.187898,8.507e-30,0.0538,0.058,4712.7156,0.75,-0.004467,4,6,5,6,8,3
4207.752983,6.785e-30,0.0531,0.057,4773.0161,0.75,-0.004562,4,6,5,6,8,3
4209.343184,1.816e-21,0.0569,0.054,299.7656,0.78,-0.004952,6,8,5,7,8,5
4210.245573,5.295e-30,0.0524,0.056,4837.0717,0.74,-0.004658,4,6,5,6,8,3
4210.907967,6.371e-26,0.0803,0.087,2143.2711,0.78,-0.003557,4,7,5,6,8,3
4212.665523,4.045e-30,0.0517,0.055,4904.8799,0.74,-0.004754,4,6,5,6,8,3
4213.948622,2.095e-21,0.0577,0.054,253.6672,0.79,-0.004877,6,8,5,7,8,5
4214.57784,1.258e-25,0.0757,0.081,2147.0811,0.78,-0.003598,4,7,5,6,8,3
4215.012686,3.026e-30,0.051,0.054,4976.438,0.73,-0.00485,4,6,5,6,8,3
4217.286914,2.217e-30,0.0503,0.053,5051.7432,0.73,-0.004945,4,6,5,6,8,3
4218.177415,1.83e-25,0.0712,0.077,2154.701,0.77,-0.003625,4,7,5,6,8,3
4218.485666,2.353e-21,0.0586,0.054,211.4041,0.79,-0.00484,6,8,5,7,8,5
4219.488062,1.592e-30,0.0496,0.053,5130.7926,0.72,-0.005039,4,6,5,6,8,3
4221.615983,1.12e-30,0.049,0.052,5213.5832,0.72,-0.005132,4,6,5,6,8,3
4221.706546,2.322e-25,0.0677,0.074,2166.1305,0.76,-0.00365,4,7,5,6,8,3
4222.954171,2.567e-21,0.0595,0.054,172.978,0.79,-0.00477,6,8,5,7,8,5
4223.67053,7.721e-31,0.0483,0.051,5300.1117,0.71,-0.005224,4,6,5,6,8,3
4225.165085,2.711e-25,0.0651,0.071,2181.3692,0.76,-0.003678,4,7,5,6,8,3
4225.651557,5.22e-31,0.0477,0.051,5390.3747,0.71,-0.005314,4,6,5,6,6,3
4227.353988,2.715e-21,0.0606,0.054,138.3904,0.79,-0.004689,6,8,5,7,8,5
4227.558918,3.46e-31,0.0471,0.05,5484.3687,0.7,-0.005402,4,6,5,6,6,3
4228.552886,2.984e-25,0.0632,0.069,2200.4164,0.77,-0.003714,4,7,5,6,8,3
4229.392465,2.249e-31,0.0465,0.049,5582.0901,0.7,-0.005489,4,6,5,6,6,3
4231.152052,1.433e-31,0.046,0.049,5683.5351,0.7,-0.005574,4,6,5,6,6,3
4231.684972,2.775e-21,0.0618,0.054,107.6424,0.78,-0.004604,6,8,5,7,8,5
4231.869803,3.134e-25,0.0618,0.068,2223.2714,0.78,-0.003759,4,7,5,6,8,3
4235.115687,3.166e-25,0.0606,0.066,2249.9334,0.79,-0.003813,4,7,5,6,8,3
4235.946976,2.727e-21,0.0632,0.054,80.7354,0.77,-0.004443,6,8,5,7,8,5
4238.290394,3.09e-25,0.0595,0.065,2280.4012,0.79,-0.003875,4,7,5,6,8,3
4240.139851,2.557e-21,0.0651,0.054,57.6704,0.76,-0.004182,6,8,5,7,8,5
4241.393775,2.924e-25,0.0586,0.064,2314.6739,0.78,-0.003945,4,7,5,6,8,3
4244.263453,2.259e-21,0.0677,0.054,38.4481,0.76,-0.003803,6,8,5,7,8,5
4244.425684,2.69e-25,0.0577,0.063,2352.7499,0.78,-0.004022,4,7,5,6,8,3
4247.385975,2.409e-25,0.0569,0.062,2394.6279,0.77,-0.004104,4,7,5,6,8,3
4248.317632,1.837e-21,0.0712,0.054,23.0695,0.77,-0.003292,6,8,5,7,8,5
4250.2745,2.103e-25,0.0561,0.06,2440.3062,0.77,-0.00419,4,7,5,6,8,3
4252.302244,1.303e-21,0.0757,0.054,11.535,0.77,-0.002983,6,8,5,7,8,5
4253.091114,1.792e-25,0.0553,0.059,2489.7831,0.76,-0.00428,4,7,5,6,8,3
4255.83567,1.491e-25,0.0545,0.059,2543.0567,0.76,-0.004372,4,7,5,6,8,3
4256.217139,6.802e-22,0.0803,0.054,3.845,0.78,-0.002787,6,8,5,7,8,5
4258.508021,1.213e-25,0.0538,0.058,2600.1249,0.75,-0.004467,4,7,5,6,8,3
4261.108022,9.647e-26,0.0531,0.057,2660.9855,0.75,-0.004562,4,7,5,6,8,3
4263.635524,7.508e-26,0.0524,0.056,2725.6361,0.74,-0.004658,4,7,5,6,8,3
4263.837197,7.014e-22,0.0803,0.054,0,0.78,-0.003323,6,8,5,7,8,5
4266.090383,5.718e-26,0.0517,0.055,2794.0743,0.74,-0.004754,4,7,5,6,8,3
4267.542065,1.385e-21,0.0757,0.054,3.845,0.78,-0.003602,6,8,5,7,8,5
4268.472452,4.264e-26,0.051,0.054,2866.2975,0.73,-0.00485,4,7,5,6,8,3
4270.781585,3.114e-26,0.0503,0.053,2942.3028,0.73,-0.004945,4,7,5,6,8,3
4271.17663,2.014e-21,0.0712,0.054,11.535,0.77,-0.003751,6,8,5,7,8,5
4273.017634,2.228e-26,0.0496,0.053,3022.0873,0.72,-0.005039,4,7,5,6,8,3
4274.740746,2.554e-21,0.0677,0.054,23.0695,0.76,-0.003855,6,8,5,7,8,5
4275.180455,1.562e-26,0.049,0.052,3105.6479,0.72,-0.005132,4,7,5,6,8,3
4277.269901,1.073e-26,0.0483,0.051,3192.9815,0.71,-0.005224,4,7,5,6,8,3
4278.234264,2.981e-21,0.0651,0.054,38.4481,0.76,-0.003855,6,8,5,7,8,5
4279.285826,7.224e-27,0.0477,0.051,3284.0846,0.71,-0.005314,4,7,5,6,6,3
4281.228084,4.768e-27,0.0471,0.05,3378.9537,0.7,-0.005402,4,7,5,6,6,3
4281.65704,3.278e-21,0.0632,0.054,57.6704,0.77,-0.003886,6,8,5,7,8,5
4283.096528,3.086e-27,0.0465,0.049,3477.5851,0.7,-0.005489,4,7,5,6,6,3
4284.891014,1.958e-27,0.046,0.049,3579.9751,0.7,-0.005574,4,7,5,6,6,3
4285.008925,3.44e-21,0.0618,0.054,80.7354,0.78,-0.003913,6,8,5,7,8,5
4286.611394,1.219e-27,0.0454,0.048,3686.1198,0.7,-0.005656,4,7,5,6,6,3
4288.257523,7.437e-28,0.0448,0.047,3796.0149,0.7,-0.005738,4,7,5,6,6,3
4288.289774,3.471e-21,0.0606,0.054,107.6424,0.79,-0.003913,6,8,5,7,8,5
4289.829253,4.453e-28,0.0443,0.047,3909.6562,0.7,-0.005817,4,6,5,6,6,3
4291.326442,2.615e-28,0.0438,0.046,4027.0395,0.7,-0.005894,4,6,5,6,6,3
4291.499439,3.384e-21,0.0595,0.054,138.3904,0.79,-0.00387,6,8,5,7,8,5
4292.748942,1.507e-28,0.0432,0.046,4148.1601,0.7,-0.005969,4,6,5,6,6,3
4294.096607,8.517e-29,0.0427,0.045,4273.0133,0.7,-0.006043,4,6,5,6,2,3
4294.637774,3.198e-21,0.0586,0.054,172.978,0.78,-0.003862,6,8,5,7,8,5
4295.369292,4.724e-29,0.0422,0.045,4401.5943,0.7,-0.006115,4,6,5,6,2,3
4296.56685,2.571e-29,0.0417,0.044,4533.8983,0.7,-0.006185,4,6,5,6,2,3
4297.689135,1.373e-29,0.0413,0.044,4669.92,0.7,-0.006253,4,6,5,6,2,3
4297.704633,2.937e-21,0.0577,0.054,211.4041,0.78,-0.003836,6,8,5,7,8,5
4298.736003,7.2e-30,0.0408,0.043,4809.6541,0.7,-0.006319,4,6,5,6,2,3
4299.707306,3.704e-30,0.0403,0.043,4953.0954,0.7,-0.006384,4,6,5,6,2,3
4300.602899,1.871e-30,0.0399,0.042,5100.2382,0.7,-0.006447,4,6,5,6,2,3
4300.699869,2.625e-21,0.0569,0.054,253.6672,0.77,-0.003849,6,8,5,7,8,5
4301.422637,9.273e-31,0.0395,0.042,5251.0769,0.7,-0.006508,4,6,5,6,2,3
4302.166372,4.513e-31,0.039,0.041,5405.6056,0.7,-0.006568,4,6,5,6,2,3
4302.83396,2.156e-31,0.0386,0.041,5563.8184,0.7,-0.006626,4,6,5,6,2,3
4303.425254,1.011e-31,0.0382,0.04,5725.709,0.7,-0.006682,4,6,5,6,2,3
4303.623335,2.288e-21,0.0561,0.054,299.7656,0.77,-0.003922,6,8,5,7,8,5
4306.474886,1.945e-21,0.0553,0.054,349.6975,0.76,-0.004041,6,8,5,7,8,5
4309.254375,1.615e-21,0.0545,0.054,403.4612,0.76,-0.004125,6,8,5,7,8,5
4311.961655,1.31e-21,0.0538,0.054,461.0544,0.75,-0.004235,6,8,5,7,8,5
4314.596582,1.04e-21,0.0531,0.054,522.4751,0.75,-0.004498,6,8,5,7,8,5
4317.159007,8.067e-22,0.0524,0.054,587.7209,0.75,-0.004506,6,8,5,7,8,5
4319.648786,6.126e-22,0.0517,0.054,656.7892,0.74,-0.004754,6,8,5,7,8,5
4322.065772,4.554e-22,0.051,0.054,729.6774,0.73,-0.004905,6,8,5,7,8,5
4324.40982,3.315e-22,0.0503,0.054,806.3828,0.75,-0.004946,5,8,5,7,7,5
4326.680783,2.363e-22,0.0496,0.054,886.9024,0.74,-0.005703,5,8,5,7,2,5
4328.878516,1.651e-22,0.049,0.054,971.2332,0.74,-0.005478,5,8,5,7,2,5
4331.002873,1.13e-22,0.0483,0.054,1059.3718,0.74,-0.005955,5,8,5,7,2,5
4333.053708,7.576e-23,0.0477,0.051,1151.315,0.74,-0.005314,5,8,5,6,2,3
4335.030876,4.98e-23,0.0471,0.05,1247.0592,0.74,-0.005402,5,8,5,6,2,3
4336.934231,3.209e-23,0.0465,0.049,1346.6008,0.74,-0.005489,5,8,5,6,2,3
4338.763628,2.027e-23,0.046,0.049,1449.9359,0.74,-0.005574,5,8,5,6,2,3
4340.518921,1.256e-23,0.0454,0.048,1557.0607,0.74,-0.005656,5,8,5,6,2,3
4342.199965,7.627e-24,0.0448,0.047,1667.9709,0.74,-0.005738,5,8,5,6,2,3
4343.806614,4.543e-24,0.0443,0.047,1782.6624,0.74,-0.005817,4,7,5,6,2,3
4345.338724,2.654e-24,0.0438,0.046,1901.1308,0.74,-0.005894,4,7,5,6,2,3
4346.796148,1.521e-24,0.0432,0.046,2023.3715,0.74,-0.005969,4,7,5,6,2,3
4348.178742,8.552e-25,0.0427,0.045,2149.3799,0.74,-0.006043,4,7,5,6,2,3
4349.486361,4.717e-25,0.0422,0.045,2279.1511,0.74,-0.006115,4,7,5,6,2,3
4350.718859,2.552e-25,0.0417,0.044,2412.6801,0.74,-0.006185,4,7,5,6,2,3
4351.876114,1.355e-25,0.0413,0.044,2549.962,0.74,-0.006253,4,7,5,6,2,3
4352.957935,7.06e-26,0.0408,0.043,2690.9913,0.74,-0.006319,4,7,5,6,2,3
4353.964199,3.61e-26,0.0403,0.043,2835.7627,0.74,-0.006384,4,7,5,6,2,3
4354.894762,1.811e-26,0.0399,0.042,2984.2707,0.74,-0.006447,4,7,5,6,2,3
4355.749478,8.917e-27,0.0395,0.042,3136.5095,0.74,-0.006508,4,7,5,6,2,3
4356.528202,4.31e-27,0.039,0.041,3292.4734,0.74,-0.006568,4,7,5,6,2,3
4357.230789,2.044e-27,0.0386,0.041,3452.1563,0.74,-0.006626,4,7,5,6,2,3
4357.857094,9.519e-28,0.0382,0.04,3615.5521,0.74,-0.006682,4,7,5,6,2,3
4358.406971,4.351e-28,0.0378,0.04,3782.6546,0.74,-0.006738,4,7,5,6,2,3
4358.880275,1.952e-28,0.0374,0.04,3953.4574,0.74,-0.006791,4,7,5,6,2,3
4359.276862,8.601e-29,0.037,0.039,4127.9539,0.74,-0.006844,4,7,5,6,2,3
4359.596585,3.72e-29,0.0366,0.039,4306.1375,0.74,-0.006895,4,7,5,6,2,3
4359.839299,1.58e-29,0.0362,0.038,4488.0012,0.74,-0.006944,4,7,5,6,2,3
4359.892647,1.661e-31,0.0345,0.037,5452.2733,0.74,-0.007174,3,7,5,6,2,3
4360.00486,6.588e-30,0.0359,0.038,4673.5381,0.74,-0.006993,4,7,5,6,2,3
4360.03716,4.284e-31,0.0348,0.037,5252.1162,0.74,-0.00713,3,7,5,6,2,3
4360.09312,2.698e-30,0.0355,0.038,4862.7411,0.74,-0.00704,3,7,5,6,2,3
4360.103936,1.085e-30,0.0352,0.037,5055.6029,0.74,-0.007085,3,7,5,6,2,3
6067.257555,2.234e-31,0.0374,0.04,4127.9539,0.67,-0.009249,4,7,5,6,6,3
6075.676857,5.154e-31,0.0378,0.04,3953.4574,0.67,-0.009207,4,7,5,6,6,3
6076.417604,1.124e-31,0.0422,0.045,4533.8983,0.67,-0.008758,4,7,5,6,6,3
6083.710649,2.099e-31,0.0427,0.045,4401.5943,0.67,-0.00871,4,7,5,6,6,3
6083.997668,1.168e-30,0.0382,0.04,3782.6546,0.67,-0.009164,4,7,5,6,6,3
6090.903642,3.845e-31,0.0432,0.046,4273.0133,0.67,-0.008662,4,7,5,6,6,3
6092.21985,2.596e-30,0.0386,0.041,3615.5521,0.67,-0.009121,4,7,5,6,6,3
6097.996442,6.914e-31,0.0438,0.046,4148.1601,0.67,-0.008613,4,7,5,6,6,3
6100.343262,5.667e-30,0.039,0.041,3452.1563,0.67,-0.009078,4,7,5,6,6,3
6104.988904,1.22e-30,0.0443,0.047,4027.0395,0.67,-0.008564,4,7,5,6,6,3
6108.367764,1.215e-29,0.0395,0.042,3292.4734,0.67,-0.009033,4,7,5,6,6,3
6111.880887,2.11e-30,0.0448,0.047,3909.6562,0.67,-0.008513,4,7,5,6,6,3
6116.293215,2.554e-29,0.0399,0.042,3136.5095,0.67,-0.008989,4,7,5,6,6,3
6118.672245,3.582e-30,0.0454,0.048,3796.0149,0.67,-0.008462,4,7,5,6,6,3
6124.119475,5.274e-29,0.0403,0.043,2984.2707,0.67,-0.008944,4,7,5,6,6,3
6125.362836,5.963e-30,0.046,0.049,3686.1198,0.67,-0.008411,4,7,5,6,6,3
6131.846401,1.068e-28,0.0408,0.043,2835.7627,0.67,-0.008898,4,7,5,6,6,3
6131.952515,9.738e-30,0.0465,0.049,3579.9751,0.67,-0.008358,4,7,5,6,6,3
6138.441139,1.56e-29,0.0471,0.05,3477.5851,0.67,-0.008304,4,7,5,6,6,3
6139.473852,2.125e-28,0.0413,0.044,2690.9913,0.67,-0.008852,4,7,5,6,6,3
6139.972194,1.183e-31,0.0569,0.062,4554.367,0.74,-0.007296,4,7,5,6,6,3
6144.828562,2.448e-29,0.0477,0.051,3378.9537,0.67,-0.00825,4,7,5,6,6,3
6144.892444,1.367e-31,0.0577,0.063,4509.1088,0.75,-0.007179,4,7,5,6,6,3
6147.001686,4.146e-28,0.0417,0.044,2549.962,0.67,-0.008805,4,7,5,6,6,3
6149.709316,1.538e-31,0.0586,0.064,4467.6158,0.75,-0.007049,4,7,5,6,6,3
6151.11464,3.767e-29,0.0483,0.051,3284.0846,0.67,-0.008194,4,7,5,6,6,3
6154.422662,1.682e-31,0.0595,0.065,4429.8898,0.75,-0.006901,4,7,5,6,6,3
6154.42976,7.94e-28,0.0422,0.045,2412.6801,0.67,-0.008758,4,7,5,6,6,3
6157.299229,5.685e-29,0.049,0.052,3192.9815,0.67,-0.008136,4,7,5,6,6,3
6159.032337,1.783e-31,0.0606,0.066,4395.9322,0.75,-0.006732,4,7,5,6,6,3
6161.757932,1.492e-27,0.0427,0.045,2279.1511,0.67,-0.00871,4,7,5,6,6,3
6163.382182,8.406e-29,0.0496,0.053,3105.6479,0.67,-0.008077,4,7,5,6,6,3
6163.538194,1.828e-31,0.0618,0.068,4365.7443,0.75,-0.006537,4,7,5,6,6,3
6167.940087,1.803e-31,0.0632,0.069,4339.3274,0.74,-0.006307,4,7,5,6,6,3
6168.986057,2.751e-27,0.0432,0.046,2149.3799,0.67,-0.008662,4,7,5,6,6,3
6169.363355,1.218e-28,0.0503,0.053,3022.0873,0.67,-0.008016,4,7,5,6,6,3
6172.237868,1.697e-31,0.0651,0.071,4316.6824,0.74,-0.006033,4,7,5,6,6,3
6175.242603,1.729e-28,0.051,0.054,2942.3028,0.67,-0.007953,4,7,5,6,6,3
6176.114,4.974e-27,0.0438,0.046,2023.3715,0.67,-0.008613,5,7,5,6,6,3
6176.431391,1.505e-31,0.0677,0.074,4297.8102,0.74,-0.005701,4,7,5,6,6,3
6180.52051,1.229e-31,0.0712,0.077,4282.7116,0.74,-0.005293,4,7,5,6,6,3
6181.019795,2.403e-28,0.0517,0.055,2866.2975,0.67,-0.007887,5,7,5,6,6,3
6183.14157,8.825e-27,0.0443,0.047,1901.1308,0.67,-0.008564,5,7,5,6,6,3
6186.694637,3.271e-28,0.0524,0.056,2794.0743,0.68,-0.007818,5,7,5,6,6,3
6190.068725,1.536e-26,0.0448,0.047,1782.6624,0.67,-0.008513,4,7,5,6,6,3
6192.267335,4.358e-28,0.0531,0.057,2725.6361,0.69,-0.007745,4,7,5,6,6,3
6196.89523,2.62e-26,0.0454,0.048,1667.9709,0.67,-0.008462,4,7,5,6,6,3
6197.737423,5.681e-28,0.0538,0.058,2660.9855,0.7,-0.007668,4,7,5,6,6,3
6202.854504,1.395e-31,0.0712,0.077,4271.3871,0.74,-0.005409,4,7,5,6,6,3
6203.104895,7.242e-28,0.0545,0.059,2600.1249,0.71,-0.007586,5,7,5,6,6,3
6203.620948,4.386e-26,0.046,0.049,1557.0607,0.67,-0.008411,5,7,5,6,6,3
6206.208679,1.782e-31,0.0677,0.074,4282.7116,0.74,-0.00552,4,7,5,6,6,3
6208.369461,9.024e-28,0.0553,0.059,2543.0567,0.72,-0.007497,5,7,5,6,6,3
6209.457274,2.095e-31,0.0651,0.071,4297.8102,0.74,-0.00562,4,7,5,6,6,3
6210.245763,7.199e-26,0.0465,0.049,1449.9359,0.67,-0.008358,5,7,5,6,6,3
6212.600143,2.322e-31,0.0632,0.069,4316.6824,0.74,-0.005718,4,7,5,6,6,3
6213.531242,1.098e-27,0.0561,0.06,2489.7831,0.73,-0.007401,5,7,5,6,6,3
6215.637138,2.456e-31,0.0618,0.068,4339.3274,0.75,-0.005818,4,7,5,6,6,3
6216.769557,1.158e-25,0.0471,0.05,1346.6008,0.67,-0.008304,5,7,5,6,6,3
6218.568112,2.499e-31,0.0606,0.066,4365.7443,0.75,-0.005922,4,7,5,6,6,3
6218.589748,1.304e-27,0.0569,0.062,2440.3062,0.74,-0.007296,5,7,5,6,6,3
6221.392919,2.457e-31,0.0595,0.065,4395.9322,0.75,-0.00603,4,7,5,6,6,3
6223.19214,1.827e-25,0.0477,0.051,1247.0592,0.67,-0.00825,5,7,5,6,6,3
6223.545119,1.51e-27,0.0577,0.063,2394.6279,0.75,-0.007179,5,7,5,6,6,3
6224.111411,2.343e-31,0.0586,0.064,4429.8898,0.75,-0.006144,4,7,5,6,6,3
6226.723441,2.173e-31,0.0577,0.063,4467.6158,0.75,-0.006262,4,7,5,6,6,3
6228.397089,1.703e-27,0.0586,0.064,2352.7499,0.75,-0.007049,5,7,5,6,6,3
6229.228862,1.962e-31,0.0569,0.062,4509.1088,0.74,-0.006383,4,7,5,6,6,3
6229.513368,2.827e-25,0.0483,0.051,1151.315,0.67,-0.008194,5,7,5,6,6,3
6231.627528,1.727e-31,0.0561,0.06,4554.367,0.73,-0.006508,4,7,5,6,6,3
6233.145526,1.866e-27,0.0595,0.065,2314.6739,0.75,-0.006901,5,7,5,6,6,3
6233.919291,1.484e-31,0.0553,0.059,4603.3889,0.72,-0.006635,4,7,5,6,6,3
6235.733098,4.284e-25,0.049,0.052,1059.3718,0.67,-0.0076,5,7,5,6,6,3
6236.104004,1.246e-31,0.0545,0.059,4656.1724,0.71,-0.006764,4,7,5,6,6,3
6237.790261,1.983e-27,0.0606,0.066,2280.4012,0.75,-0.006732,5,7,5,6,6,3
6241.851218,6.36e-25,0.0496,0.053,971.2332,0.67,-0.0076,5,7,5,6,6,3
6242.331155,2.037e-27,0.0618,0.068,2249.9334,0.75,-0.006537,5,7,5,6,6,3
6246.768175,2.011e-27,0.0632,0.069,2223.2714,0.74,-0.006307,5,7,5,6,6,3
6247.867513,9.253e-25,0.0503,0.053,886.9024,0.67,-0.0072,5,7,5,6,6,3
6251.100895,1.895e-27,0.0651,0.071,2200.4164,0.74,-0.006033,5,7,5,6,6,3
6253.781898,1.318e-24,0.051,0.054,806.3828,0.67,-0.0065,5,7,5,6,6,3
6255.329532,1.684e-27,0.0677,0.074,2181.3692,0.74,-0.005701,4,7,5,6,6,3
6259.453727,1.376e-27,0.0712,0.077,2166.1305,0.74,-0.005293,5,7,5,6,6,3
6259.594212,1.84e-24,0.0517,0.055,729.6774,0.67,-0.0059,5,7,5,6,6,3
6263.473213,9.817e-28,0.0757,0.081,2154.701,0.75,-0.004784,5,7,5,6,6,3
6265.304308,2.514e-24,0.0524,0.056,656.7892,0.68,-0.0074,5,7,5,6,6,3
6267.388043,5.156e-28,0.0803,0.087,2147.0811,0.76,-0.004137,5,7,5,6,6,3
6270.912047,3.36e-24,0.0531,0.057,587.7209,0.69,-0.0069,5,7,5,6,6,3
6274.903207,5.382e-28,0.0803,0.087,2143.2711,0.76,-0.005096,4,7,5,6,6,3
6276.417256,4.394e-24,0.0538,0.058,522.4751,0.7,-0.007,5,7,5,6,6,3
6278.503029,1.07e-27,0.0757,0.081,2147.0811,0.75,-0.005275,5,7,5,6,6,3
6281.819773,5.619e-24,0.0545,0.059,461.0544,0.71,-0.0074,5,7,5,6,6,3
6281.997688,1.566e-27,0.0712,0.077,2154.701,0.74,-0.005409,5,7,5,6,6,3
6285.386843,1.999e-27,0.0677,0.074,2166.1305,0.74,-0.00552,5,7,5,6,6,3
6287.119539,7.022e-24,0.0553,0.059,403.4612,0.72,-0.0073,5,7,5,6,6,3
6288.670386,2.35e-27,0.0651,0.071,2181.3692,0.74,-0.00562,5,7,5,6,6,3
6291.848208,2.602e-27,0.0632,0.069,2200.4164,0.74,-0.005718,5,7,5,6,6,3
6292.31633,8.569e-24,0.0561,0.06,349.6975,0.73,-0.0069,5,7,5,6,6,3
6294.920111,2.751e-27,0.0618,0.068,2223.2714,0.75,-0.005818,4,7,5,6,6,3
6297.41,1.02e-23,0.0569,0.062,299.7656,0.74,-0.0068,5,7,5,6,6,3
6297.886023,2.797e-27,0.0606,0.066,2249.9334,0.75,-0.005922,5,7,5,6,6,3
6300.745763,2.748e-27,0.0595,0.065,2280.4012,0.75,-0.00603,5,7,5,6,6,3
6302.400477,1.185e-23,0.0577,0.063,253.6672,0.75,-0.0068,5,7,5,6,6,3
6303.499142,2.616e-27,0.0586,0.064,2314.6739,0.75,-0.006144,5,7,5,6,6,3
6306.146093,2.422e-27,0.0577,0.063,2352.7499,0.75,-0.006262,5,7,5,6,6,3
6307.28752,1.339e-23,0.0586,0.064,211.4041,0.75,-0.0066,5,7,5,6,6,3
6308.686383,2.183e-27,0.0569,0.062,2394.6279,0.74,-0.006383,5,7,5,6,6,3
6311.119977,1.919e-27,0.0561,0.06,2440.3062,0.73,-0.006508,5,7,5,6,6,3
6312.071029,1.47e-23,0.0595,0.065,172.978,0.75,-0.0067,5,7,5,6,6,3
6313.446622,1.646e-27,0.0553,0.059,2489.7831,0.72,-0.006635,5,7,5,6,6,3
6315.666195,1.378e-27,0.0545,0.059,2543.0567,0.71,-0.006764,5,7,5,6,6,3
6316.750848,1.565e-23,0.0606,0.066,138.3904,0.75,-0.0067,5,7,5,6,6,3
6317.778566,1.129e-27,0.0538,0.058,2600.1249,0.7,-0.006894,5,7,5,6,6,3
6319.783685,9.033e-28,0.0531,0.057,2660.9855,0.69,-0.007024,5,7,5,6,6,3
6321.326849,1.61e-23,0.0618,0.068,107.6424,0.75,-0.0064,5,7,5,6,6,3
6321.681161,7.075e-28,0.0524,0.056,2725.6361,0.68,-0.007154,5,7,5,6,6,3
6323.47102,5.424e-28,0.0517,0.055,2794.0743,0.67,-0.007283,5,7,5,6,6,3
6325.15339,4.071e-28,0.051,0.054,2866.2975,0.67,-0.007411,5,7,5,6,6,3
6325.798857,1.591e-23,0.0632,0.069,80.7354,0.74,-0.006,5,7,5,6,6,3
6326.727362,2.993e-28,0.0503,0.053,2942.3028,0.67,-0.007538,5,7,5,6,6,3
6328.193409,2.156e-28,0.0496,0.053,3022.0873,0.67,-0.007663,4,7,5,6,6,3
6329.551265,1.521e-28,0.049,0.052,3105.6479,0.67,-0.007786,4,7,5,6,6,3
6330.166716,1.502e-23,0.0651,0.071,57.6704,0.74,-0.0061,5,7,5,6,6,3
6330.800904,1.052e-28,0.0483,0.051,3192.9815,0.67,-0.007907,5,7,5,6,6,3
6331.941703,7.128e-29,0.0477,0.051,3284.0846,0.67,-0.008027,4,7,5,6,6,3
6332.973991,4.736e-29,0.0471,0.05,3378.9537,0.67,-0.008143,4,7,5,6,6,3
6333.897463,3.085e-29,0.0465,0.049,3477.5851,0.67,-0.008258,4,7,5,6,6,3
6334.430342,1.336e-23,0.0677,0.074,38.4481,0.74,-0.0053,5,7,5,6,6,3
6334.711972,1.971e-29,0.046,0.049,3579.9751,0.67,-0.00837,4,7,5,6,6,3
6335.417372,1.234e-29,0.0454,0.048,3686.1198,0.67,-0.00848,4,7,5,6,6,3
6336.013515,7.584e-30,0.0448,0.047,3796.0149,0.67,-0.008588,4,7,5,6,6,3
6336.500257,4.571e-30,0.0443,0.047,3909.6562,0.67,-0.008693,4,7,5,6,6,3
6336.877449,2.702e-30,0.0438,0.046,4027.0395,0.67,-0.008795,4,7,5,6,6,3
6337.115032,1.467e-31,0.0413,0.044,4669.92,0.67,-0.009274,4,7,5,6,6,3
6337.144945,1.568e-30,0.0432,0.046,4148.1601,0.67,-0.008896,4,7,5,6,6,3
6337.287789,2.729e-31,0.0417,0.044,4533.8983,0.67,-0.009183,4,7,5,6,6,3
6337.302599,8.919e-31,0.0427,0.045,4273.0133,0.67,-0.008994,4,7,5,6,6,3
6337.350262,4.98e-31,0.0422,0.045,4401.5943,0.67,-0.009089,4,7,5,6,6,3
6338.589513,1.093e-23,0.0712,0.077,23.0695,0.74,-0.0048,5,7,5,6,6,3
6342.64412,7.805e-24,0.0757,0.081,11.535,0.75,-0.0041,5,7,5,6,6,3
6346.594019,4.102e-24,0.0803,0.087,3.845,0.76,-0.0049,5,7,5,6,6,3
6354.179077,4.286e-24,0.0803,0.087,0,0.76,-0.0031,5,7,5,6,6,3
6357.813951,8.519e-24,0.0757,0.081,3.845,0.75,-0.0037,5,7,5,6,6,3
6361.343496,1.247e-23,0.0712,0.077,11.535,0.74,-0.0049,5,7,5,6,6,3
6364.767625,1.591e-23,0.0677,0.074,23.0695,0.74,-0.0051,5,7,5,6,6,3
6368.086139,1.87e-23,0.0651,0.071,38.4481,0.74,-0.0051,5,7,5,6,6,3
6371.298912,2.07e-23,0.0632,0.069,57.6704,0.74,-0.0055,5,7,5,6,6,3
6374.405801,2.186e-23,0.0618,0.068,80.7354,0.75,-0.0055,5,7,5,6,6,3
6377.406631,2.221e-23,0.0606,0.066,107.6424,0.75,-0.0057,5,7,5,6,6,3
6380.301304,2.179e-23,0.0595,0.065,138.3904,0.75,-0.006,5,7,5,6,6,3
6383.089615,2.074e-23,0.0586,0.064,172.978,0.75,-0.0058,5,7,5,6,6,3
6385.771467,1.917e-23,0.0577,0.063,211.4041,0.75,-0.006,5,7,5,6,6,3
6388.346703,1.725e-23,0.0569,0.062,253.6672,0.74,-0.0061,5,7,5,6,6,3
6390.815157,1.513e-23,0.0561,0.06,299.7656,0.73,-0.006,5,7,5,6,6,3
6393.176699,1.295e-23,0.0553,0.059,349.6975,0.72,-0.0063,5,7,5,6,6,3
6395.431189,1.082e-23,0.0545,0.059,403.4612,0.71,-0.0064,5,7,5,6,6,3
6397.578443,8.844e-24,0.0538,0.058,461.0544,0.7,-0.0064,5,7,5,6,6,3
6399.618362,7.063e-24,0.0531,0.057,522.4751,0.69,-0.0067,5,7,5,6,6,3
6401.550782,5.519e-24,0.0524,0.056,587.7209,0.68,-0.0071,5,7,5,6,6,3
6403.375541,4.219e-24,0.0517,0.055,656.7892,0.67,-0.008,5,7,5,6,6,3
6405.092514,3.158e-24,0.051,0.054,729.6774,0.67,-0.008,5,7,5,6,6,3
6406.701553,2.314e-24,0.0503,0.053,806.3828,0.67,-0.008,5,7,5,6,6,3
6407.338131,1.335e-31,0.0362,0.038,4488.0012,0.67,-0.010208,4,7,5,6,6,3
6408.2025,1.661e-24,0.0496,0.053,886.9024,0.67,-0.008,5,7,5,6,6,3
6408.810713,3.121e-31,0.0366,0.039,4306.1375,0.67,-0.01014,4,7,5,6,6,3
6409.595198,1.168e-24,0.049,0.052,971.2332,0.67,-0.008,5,7,5,6,6,3
6410.17126,7.167e-31,0.037,0.039,4127.9539,0.67,-0.010071,4,7,5,6,6,3
6410.879558,8.047e-25,0.0483,0.051,1059.3718,0.67,-0.008,5,7,5,6,6,3
6411.419918,1.616e-30,0.0374,0.04,3953.4574,0.67,-0.009999,4,7,5,6,6,3
6412.055352,5.433e-25,0.0477,0.051,1151.315,0.67,-0.008027,6,7,5,6,6,3
6412.556836,3.576e-30,0.0378,0.04,3782.6546,0.67,-0.009927,4,7,5,6,6,3
6413.122503,3.595e-25,0.0471,0.05,1247.0592,0.67,-0.008143,5,7,5,6,6,3
6413.582161,7.77e-30,0.0382,0.04,3615.5521,0.67,-0.009852,4,7,5,6,6,3
6414.080824,2.332e-25,0.0465,0.049,1346.6008,0.67,-0.008258,5,7,5,6,6,3
6414.496039,1.657e-29,0.0386,0.041,3452.1563,0.67,-0.009775,4,7,5,6,6,3
6414.930182,1.484e-25,0.046,0.049,1449.9359,0.67,-0.00837,5,7,5,6,6,3
6415.298617,3.47e-29,0.039,0.041,3292.4734,0.67,-0.009697,4,7,5,6,6,3
6415.670438,9.252e-26,0.0454,0.048,1557.0607,0.67,-0.00848,6,7,5,6,6,3
6415.990163,7.131e-29,0.0395,0.042,3136.5095,0.67,-0.009616,5,7,5,6,6,3
6416.30144,5.658e-26,0.0448,0.047,1667.9709,0.67,-0.008588,5,7,5,6,6,3
6416.570446,1.438e-28,0.0399,0.042,2984.2707,0.67,-0.009534,5,7,5,6,6,3
6416.823044,3.394e-26,0.0443,0.047,1782.6624,0.67,-0.008693,5,7,5,6,6,3
6417.04,2.847e-28,0.0403,0.043,2835.7627,0.67,-0.009449,5,7,5,6,6,3
6417.235084,1.997e-26,0.0438,0.046,1901.1308,0.67,-0.008795,5,7,5,6,6,3
6417.398816,5.531e-28,0.0408,0.043,2690.9913,0.67,-0.009363,5,7,5,6,6,3
6417.537471,1.152e-26,0.0432,0.046,2023.3715,0.67,-0.008896,5,7,5,6,6,3
6417.647097,1.055e-27,0.0413,0.044,2549.962,0.67,-0.009274,5,7,5,6,6,3
6417.730002,6.52e-27,0.0427,0.045,2149.3799,0.67,-0.008994,5,7,5,6,6,3
6417.785009,1.973e-27,0.0417,0.044,2412.6801,0.67,-0.009183,5,7,5,6,6,3
6417.812474,3.621e-27,0.0422,0.045,2279.1511,0.67,-0.009089,5,7,5,6,6,3
