1,5,10.00001
2,5.00478,10.00956
3,5.05904,10.11808
4,5.20775,10.41549
5,5.44387,10.88774
6,5.74223,11.48445
7,6.083,12.16601
8,6.45484,12.90968
9,6.85212,13.70424
10,7.27237,14.54474
11,7.71471,15.42942
12,8.17909,16.35817
13,8.66582,17.33165
14,9.17543,18.35085
15,9.70842,19.41684
16,10.26529,20.53058
17,10.84644,21.69287
18,11.45213,22.90426
19,12.08253,24.16506
20,12.73767,25.47534
21,13.41747,26.83495
22,14.12177,28.24354
23,14.8503,29.70059
24,15.60271,31.20542
25,16.37862,32.75724
26,17.17758,34.35516
27,17.99911,35.99822
28,18.8427,37.6854
29,19.70783,39.41566
30,20.59396,41.18793
31,21.50057,43.00114
32,22.42711,44.85422
33,23.37306,46.74612
34,24.33791,48.67582
35,25.32115,50.6423
36,26.32231,52.64462
37,27.34091,54.68182
38,28.37652,56.75303
39,29.42869,58.85739
40,30.49704,60.99408
41,31.58117,63.16233
42,32.68071,65.36141
43,33.79532,67.59063
44,34.92466,69.84932
45,36.06844,72.13688
46,37.22635,74.4527
47,38.39813,76.79625
48,39.5835,79.167
49,40.78223,81.56446
50,41.99408,83.98817
51,43.21885,86.43769
52,44.45631,88.91261
53,45.70627,91.41255
54,46.96857,93.93713
55,48.24301,96.48601
56,49.52943,99.05886
57,50.82769,101.65537
58,52.13762,104.27525
59,53.4591,106.91821
60,54.79199,109.58398
61,56.13616,112.27232
62,57.49149,114.98299
63,58.85787,117.71574
64,60.23518,120.47037
65,61.62333,123.24665
66,63.0222,126.0444
67,64.4317,128.8634
68,65.85174,131.70348
69,67.28223,134.56445
70,68.72307,137.44615
71,70.1742,140.3484
72,71.63552,143.27104
73,73.10696,146.21391
74,74.58844,149.17687
75,76.07988,152.15977
76,77.58123,155.16245
77,79.0924,158.18479
78,80.61333,161.22665
79,82.14395,164.2879
80,83.6842,167.36841
81,85.23402,170.46804
82,86.79335,173.5867
83,88.36212,176.72424
84,89.94028,179.88056
85,91.52777,183.05554
86,93.12454,186.24907
87,94.73052,189.46105
88,96.34568,192.69136
89,97.96995,195.93989
90,99.60328,199.20656
91,101.24563,202.49125
92,102.89694,205.79387
93,104.55716,209.11432
94,106.22625,212.4525
95,107.90416,215.80833
96,109.59085,219.1817
97,111.28627,222.57253
98,112.99037,225.98074
99,114.70311,229.40622
100,116.42445,232.8489
101,118.15434,236.30868
102,119.89275,239.7855
103,121.63963,243.27926
104,123.39494,246.78988
105,125.15865,250.31729
106,126.9307,253.8614
107,128.71107,257.42214
108,130.49972,260.99944
109,132.2966,264.5932
110,134.10169,268.20338
111,135.91494,271.82987
112,137.73632,275.47263
113,139.56579,279.13157
114,141.40332,282.80663
115,143.24887,286.49774
116,145.10241,290.20482
117,146.96391,293.92781
118,148.83333,297.66665
119,150.71063,301.42127
120,152.5958,305.1916
121,154.48879,308.97758
122,156.38957,312.77915
123,158.29812,316.59624
124,160.2144,320.4288
125,162.13838,324.27676
126,164.07003,328.14006
127,166.00932,332.01864
128,167.95623,335.91246
129,169.91072,339.82144
130,171.87276,343.74553
131,173.84234,347.68467
132,175.81941,351.63881
133,177.80395,355.6079
134,179.79594,359.59188
135,181.79535,363.5907
136,183.80215,367.6043
137,185.81631,371.63263
138,187.83782,375.67564
139,189.86664,379.73328
140,191.90275,383.8055
141,193.94613,387.89225
142,195.99674,391.99349
143,198.05458,396.10915
144,200.1196,400.23921
145,202.1918,404.3836
146,204.27114,408.54228
147,206.3576,412.71521
148,208.45117,416.90234
149,210.55181,421.10362
150,212.65951,425.31902
151,214.77425,429.54849
152,216.896,433.79199
153,219.02474,438.04947
154,221.16045,442.3209
155,223.30311,446.60622
156,225.45271,450.90541
157,227.60921,455.21842
158,229.77261,459.54522
159,231.94288,463.88575
160,234.12,468.24
161,236.30396,472.60791
162,238.49473,476.98946
163,240.6923,481.3846
164,242.89665,485.7933
165,245.10776,490.21553
166,247.32562,494.65124
167,249.55021,499.10042
168,251.78151,503.56302
169,254.0195,508.039
170,256.26418,512.52835
171,258.51551,517.03103
172,260.7735,521.547
173,263.03812,526.07624
174,265.30936,530.61871
175,267.5872,535.17439
176,269.87163,539.74325
177,272.16263,544.32526
178,274.4602,548.9204
179,276.76431,553.52863
180,279.07496,558.14993
181,281.39214,562.78428
182,283.71582,567.43164
183,286.046,572.09201
184,288.38267,576.76534
185,290.72581,581.45163
186,293.07542,586.15084
187,295.43148,590.86295
188,297.79398,595.58795
189,300.16291,600.32582
190,302.53826,605.07652
191,304.92003,609.84005
192,307.30819,614.61639
193,309.70276,619.40551
194,312.1037,624.20741
195,314.51103,629.02205
196,316.92472,633.84944
197,319.34477,638.68954
198,321.77118,643.54235
199,324.20393,648.40786
200,326.64302,653.28604
201,329.08844,658.17689
202,331.54019,663.08039
203,333.99827,667.99653
204,336.46265,672.92531
205,338.93335,677.86671
206,341.41036,682.82071
207,343.89366,687.78732
208,346.38326,692.76653
209,348.87916,697.75832
210,351.38134,702.76268
211,353.88981,707.77962
212,356.40457,712.80913
213,358.9256,717.8512
214,361.45292,722.90583
215,363.98651,727.97301
216,366.52637,733.05275
217,369.07251,738.14503
218,371.62493,743.24986
219,374.18362,748.36723
220,376.74858,753.49715
221,379.31981,758.63962
222,381.89732,763.79463
223,384.4811,768.9622
224,387.07116,774.14231
225,389.66749,779.33498
226,392.2701,784.5402
227,394.879,789.75799
228,397.49417,794.98835
229,400.11564,800.23127
230,402.74339,805.48678
231,405.37744,810.75487
232,408.01778,816.03556
233,410.66443,821.32885
234,413.31738,826.63475
235,415.97664,831.95328
236,418.64222,837.28443
237,421.31412,842.62823
238,423.99234,847.98469
239,426.6769,853.35381
240,429.3678,858.73561
241,432.06505,864.1301
242,434.76865,869.53731
243,437.47862,874.95724
244,440.19495,880.38991
245,442.91767,885.83533
246,445.64676,891.29353
247,448.38226,896.76452
248,451.12416,902.24831
249,453.87247,907.74494
250,456.62721,913.25442
251,459.38838,918.77676
252,462.156,924.31199
253,464.93007,929.86014
254,467.71061,935.42122
255,470.49763,940.99525
256,473.29114,946.58227
257,476.09115,952.18229
258,478.89767,957.79535
259,481.71073,963.42145
260,484.53032,969.06064
261,487.35647,974.71294
262,490.18919,980.37838
263,493.02849,986.05698
264,495.87438,991.74877
265,498.72689,997.45378
266,501.58603,1003.17205
267,504.4518,1008.9036
268,507.32424,1014.64847
269,510.20334,1020.40668
270,513.08914,1026.17828
271,515.98164,1031.96328
272,518.88087,1037.76173
273,521.78683,1043.57366
274,524.69955,1049.39911
275,527.61905,1055.23811
276,530.54535,1061.09069
277,533.47845,1066.9569
278,536.41839,1072.83677
279,539.36517,1078.73034
280,542.31882,1084.63765
281,545.27937,1090.55874
282,548.24682,1096.49364
283,551.2212,1102.4424
284,554.20253,1108.40505
285,557.19083,1114.38165
286,560.18612,1120.37223
287,563.18842,1126.37683
288,566.19775,1132.3955
289,569.21414,1138.42829
290,572.23761,1144.47522
291,575.26818,1150.53636
292,578.30587,1156.61175
293,581.35071,1162.70142
294,584.40272,1168.80544
295,587.46192,1174.92384
296,590.52834,1181.05667
297,593.60199,1187.20399
298,596.68292,1193.36584
299,599.77113,1199.54226
300,602.86666,1205.73332
301,605.96953,1211.93905
302,609.07976,1218.15952
303,612.19738,1224.39477
304,615.32242,1230.64485
305,618.45491,1236.90981
306,621.59486,1243.18972
307,624.74231,1249.48462
308,627.89728,1255.79457
309,631.05981,1262.11962
310,634.22991,1268.45982
311,637.40762,1274.81524
312,640.59296,1281.18592
313,643.78596,1287.57193
314,646.98666,1293.97332
315,650.19507,1300.39015
316,653.41123,1306.82247
317,656.63517,1313.27035
318,659.86692,1319.73384
319,663.1065,1326.21301
320,666.35395,1332.70791
321,669.6093,1339.2186
322,672.87258,1345.74515
323,676.14381,1352.28761
324,679.42303,1358.84606
325,682.71027,1365.42054
326,686.00556,1372.01112
327,689.30893,1378.61787
328,692.62042,1385.24085
329,695.94006,1391.88012
330,699.26787,1398.53574
331,702.6039,1405.20779
332,705.94817,1411.89633
333,709.30071,1418.60143
334,712.66157,1425.32314
335,716.03077,1432.06154
336,719.40834,1438.81669
337,722.79433,1445.58866
338,726.18876,1452.37753
339,729.59167,1459.18335
340,733.0031,1466.0062
341,736.42307,1472.84614
342,739.85162,1479.70325
343,743.2888,1486.57759
344,746.73462,1493.46924
345,750.18914,1500.37827
346,753.65237,1507.30475
347,757.12437,1514.24874
348,760.60517,1521.21033
349,764.09479,1528.18958
350,767.59329,1535.18657
351,771.10069,1542.20138
352,774.61703,1549.23406
353,778.14235,1556.28471
354,781.67669,1563.35339
355,785.22009,1570.44017
356,788.77257,1577.54514
357,792.33419,1584.66837
358,795.90497,1591.80994
359,799.48496,1598.96992
360,803.07419,1606.14838
361,806.67271,1613.34542
362,810.28055,1620.56109
363,813.89774,1627.79549
364,817.52434,1635.04869
365,821.16038,1642.32076
366,824.8059,1649.6118
367,828.46093,1656.92187
368,832.12553,1664.25105
369,835.79972,1671.59944
370,839.48355,1678.9671
371,843.17706,1686.35412
372,846.88029,1693.76059
373,850.59328,1701.18657
374,854.31608,1708.63216
375,858.04871,1716.09743
376,861.79124,1723.58247
377,865.54368,1731.08736
378,869.3061,1738.61219
379,873.07852,1746.15704
380,876.861,1753.72199
381,880.65356,1761.30713
382,884.45627,1768.91254
383,888.26915,1776.53831
384,892.09226,1784.18452
385,895.92563,1791.85126
386,899.76931,1799.53861
387,903.62333,1807.24667
388,907.48776,1814.97551
389,911.36262,1822.72523
390,915.24796,1830.49592
391,919.14383,1838.28765
392,923.05026,1846.10053
393,926.96731,1853.93463
394,930.89502,1861.79005
395,934.83343,1869.66687
396,938.78259,1877.56519
397,942.74255,1885.48509
398,946.71334,1893.42667
399,950.69501,1901.39002
400,954.68761,1909.37522
401,958.69119,1917.38238
402,962.70578,1925.41157
403,966.73144,1933.46289
404,970.76822,1941.53644
405,974.81615,1949.6323
406,978.87528,1957.75057
407,982.94567,1965.89134
408,987.02736,1974.05471
409,991.12039,1982.24077
410,995.22481,1990.44961
411,999.34067,1998.68133
412,1003.46801,2006.93603
413,1007.60689,2015.21379
414,1011.75735,2023.51471
415,1015.91945,2031.83889
416,1020.09321,2040.18643
417,1024.27871,2048.55742
418,1028.47598,2056.95195
419,1032.68507,2065.37013
420,1036.90603,2073.81206
421,1041.13891,2082.27782
422,1045.38376,2090.76752
423,1049.64063,2099.28126
424,1053.90956,2107.81913
425,1058.19062,2116.38123
426,1062.48383,2124.96767
427,1066.78927,2133.57854
428,1071.10697,2142.21394
429,1075.43699,2150.87397
430,1079.77937,2159.55874
431,1084.13417,2168.26834
432,1088.50144,2177.00287
433,1092.88122,2185.76244
434,1097.27357,2194.54715
435,1101.67855,2203.3571
436,1106.09619,2212.19238
437,1110.52656,2221.05312
438,1114.9697,2229.9394
439,1119.42567,2238.85133
440,1123.89451,2247.78902
441,1128.37628,2256.75256
442,1132.87103,2265.74207
443,1137.37882,2274.75764
444,1141.8997,2283.79939
445,1146.43371,2292.86742
446,1150.98091,2301.96182
447,1155.54136,2311.08272
448,1160.1151,2320.23021
449,1164.7022,2329.4044
450,1169.3027,2338.6054
451,1173.91666,2347.83332
452,1178.54413,2357.08825
453,1183.18516,2366.37032
454,1187.83981,2375.67963
455,1192.50814,2385.01628
456,1197.19019,2394.38039
457,1201.88603,2403.77206
458,1206.5957,2413.19141
459,1211.31927,2422.63853
460,1216.05678,2432.11356
461,1220.80829,2441.61658
462,1225.57386,2451.14772
463,1230.35354,2460.70709
464,1235.14739,2470.29479
465,1239.95547,2479.91094
466,1244.77782,2489.55565
467,1249.61451,2499.22903
468,1254.4656,2508.93119
469,1259.33113,2518.66225
470,1264.21116,2528.42233
471,1269.10576,2538.21153
472,1274.01498,2548.02996
473,1278.93887,2557.87775
474,1283.8775,2567.755
475,1288.83092,2577.66184
476,1293.79918,2587.59837
477,1298.78235,2597.56471
478,1303.78049,2607.56098
479,1308.79365,2617.5873
480,1313.82189,2627.64377
481,1318.86526,2637.73052
482,1323.92383,2647.84767
483,1328.99766,2657.99533
484,1334.08681,2668.17362
485,1339.19133,2678.38265
486,1344.31128,2688.62255
487,1349.44672,2698.89344
488,1354.59772,2709.19543
489,1359.76432,2719.52865
490,1364.9466,2729.8932
491,1370.14461,2740.28923
492,1375.35842,2750.71683
493,1380.58807,2761.17614
494,1385.83364,2771.66728
495,1391.09518,2782.19036
496,1396.37276,2792.74552
497,1401.66643,2803.33286
498,1406.97626,2813.95252
499,1412.30231,2824.60462
500,1417.64464,2835.28928
501,1423.00331,2846.00662
502,1428.37839,2856.75677
503,1433.76993,2867.53985
504,1439.178,2878.35599
505,1444.60266,2889.20531
506,1450.04397,2900.08794
507,1455.502,2911.004
508,1460.97681,2921.95362
509,1466.46846,2932.93693
510,1471.97702,2943.95405
511,1477.50255,2955.0051
512,1483.04511,2966.09023
513,1488.60477,2977.20955
514,1494.18159,2988.36319
515,1499.77564,2999.55128
516,1505.38698,3010.77396
517,1511.01567,3022.03134
518,1516.66178,3033.32357
519,1522.32538,3044.65076
520,1528.00653,3056.01305
521,1533.70529,3067.41058
522,1539.42173,3078.84346
523,1545.15592,3090.31184
524,1550.90792,3101.81584
525,1556.6778,3113.35561
526,1562.46563,3124.93126
527,1568.27147,3136.54293
528,1574.09538,3148.19076
529,1579.93744,3159.87488
530,1585.79771,3171.59543
531,1591.67627,3183.35253
532,1597.57317,3195.14633
533,1603.48848,3206.97696
534,1609.42228,3218.84455
535,1615.37462,3230.74924
536,1621.34559,3242.69117
537,1627.33524,3254.67048
538,1633.34365,3266.68729
539,1639.37088,3278.74176
540,1645.417,3290.83401
541,1651.48209,3302.96418
542,1657.56621,3315.13242
543,1663.66943,3327.33887
544,1669.79183,3339.58365
545,1675.93346,3351.86692
546,1682.09441,3364.18881
547,1688.27473,3376.54946
548,1694.47451,3388.94902
549,1700.69381,3401.38763
550,1706.93271,3413.86542
551,1713.19127,3426.38255
552,1719.46957,3438.93915
553,1725.76768,3451.53536
554,1732.08567,3464.17133
555,1738.42361,3476.84721
556,1744.78157,3489.56314
557,1751.15963,3502.31926
558,1757.55786,3515.11572
559,1763.97633,3527.95266
560,1770.41512,3540.83024
561,1776.87429,3553.74859
562,1783.35393,3566.70786
563,1789.8541,3579.70821
564,1796.37489,3592.74977
565,1802.91635,3605.8327
566,1809.47857,3618.95715
567,1816.06163,3632.12326
568,1822.66559,3645.33118
569,1829.29053,3658.58107
570,1835.93654,3671.87307
571,1842.60367,3685.20734
572,1849.29201,3698.58402
573,1856.00163,3712.00327
574,1862.73262,3725.46524
575,1869.48504,3738.97008
576,1876.25897,3752.51795
577,1883.0545,3766.10899
578,1889.87168,3779.74337
579,1896.71061,3793.42123
580,1903.57137,3807.14273
581,1910.45401,3820.90803
582,1917.35864,3834.71728
583,1924.28532,3848.57064
584,1931.23413,3862.46826
585,1938.20515,3876.4103
586,1945.19846,3890.39692
587,1952.21414,3904.42828
588,1959.25227,3918.50453
589,1966.31292,3932.62583
590,1973.39618,3946.79235
591,1980.50212,3961.00424
592,1987.63083,3975.26166
593,1994.78239,3989.56477
594,2001.95687,4003.91374
595,2009.15436,4018.30872
596,2016.37494,4032.74988
597,2023.61869,4047.23738
598,2030.88569,4061.77138
599,2038.17602,4076.35204
600,2045.48977,4090.97954
601,2052.82701,4105.65403
602,2060.18784,4120.37567
603,2067.57232,4135.14465
604,2074.98055,4149.96111
605,2082.41261,4164.82523
606,2089.86858,4179.73717
607,2097.34855,4194.6971
608,2104.85259,4209.70519
609,2112.3808,4224.7616
610,2119.93326,4239.86651
611,2127.51004,4255.02009
612,2135.11125,4270.22249
613,2142.73695,4285.47391
614,2150.38725,4300.77449
615,2158.06221,4316.12442
616,2165.76193,4331.52387
617,2173.4865,4346.973
618,2181.236,4362.472
619,2189.01052,4378.02104
620,2196.81014,4393.62028
621,2204.63495,4409.26991
622,2212.48505,4424.97009
623,2220.3605,4440.72101
624,2228.26142,4456.52283
625,2236.18787,4472.37574
626,2244.13996,4488.27991
627,2252.11776,4504.23552
628,2260.12138,4520.24275
629,2268.15089,4536.30177
630,2276.20638,4552.41277
631,2284.28796,4568.57592
632,2292.3957,4584.7914
633,2300.5297,4601.05939
634,2308.69004,4617.38008
635,2316.87682,4633.75365
636,2325.09014,4650.18027
637,2333.33007,4666.66013
638,2341.59671,4683.19342
639,2349.89016,4699.78031
640,2358.2105,4716.421
641,2366.55783,4733.11566
642,2374.93224,4749.86448
643,2383.33382,4766.66765
644,2391.76268,4783.52535
645,2400.21889,4800.43777
646,2408.70255,4817.4051
647,2417.21376,4834.42753
648,2425.75262,4851.50523
649,2434.31921,4868.63841
650,2442.91363,4885.82726
651,2451.53598,4903.07196
652,2460.18635,4920.3727
653,2468.86484,4937.72967
654,2477.57154,4955.14307
655,2486.30655,4972.61309
656,2495.06996,4990.13993
657,2503.86188,5007.72377
658,2512.6824,5025.36481
659,2521.53162,5043.06324
660,2530.40963,5060.81927
661,2539.31654,5078.63308
662,2548.25243,5096.50487
663,2557.21742,5114.43484
664,2566.21159,5132.42319
665,2575.23506,5150.47011
666,2584.28791,5168.57581
667,2593.37024,5186.74048
668,2602.48216,5204.96433
669,2611.62377,5223.24755
670,2620.79517,5241.59034
671,2629.99646,5259.99291
672,2639.22773,5278.45546
673,2648.4891,5296.97819
674,2657.78066,5315.56131
675,2667.10251,5334.20502
676,2676.45476,5352.90952
677,2685.83751,5371.67502
678,2695.25087,5390.50173
679,2704.69493,5409.38985
680,2714.1698,5428.33959
681,2723.67558,5447.35116
682,2733.21238,5466.42477
683,2742.78031,5485.56061
684,2752.37946,5504.75892
685,2762.00994,5524.01989
686,2771.67187,5543.34373
687,2781.36533,5562.73066
688,2791.09045,5582.18089
689,2800.84732,5601.69464
690,2810.63605,5621.2721
691,2820.45676,5640.91351
692,2830.30954,5660.61908
693,2840.1945,5680.38901
694,2850.11176,5700.22353
695,2860.06142,5720.12285
696,2870.04359,5740.08719
697,2880.05838,5760.11676
698,2890.1059,5780.2118
699,2900.18625,5800.3725
700,2910.29955,5820.59911
701,2920.44591,5840.89183
702,2930.62544,5861.25088
703,2940.83825,5881.67649
704,2951.08444,5902.16889
705,2961.36414,5922.72828
706,2971.67745,5943.35491
707,2982.02449,5964.04899
708,2992.40537,5984.81074
709,3002.8202,6005.6404
710,3013.26909,6026.53818
711,3023.75216,6047.50433
712,3034.26953,6068.53905
713,3044.8213,6089.64259
714,3055.40759,6110.81518
715,3066.02851,6132.05703
716,3076.68419,6153.36839
717,3087.37474,6174.74947
718,3098.10026,6196.20053
719,3108.86089,6217.72178
720,3119.65673,6239.31346
721,3130.48791,6260.97581
722,3141.35453,6282.70906
723,3152.25672,6304.51344
724,3163.1946,6326.3892
725,3174.16828,6348.33656
726,3185.17788,6370.35577
727,3196.22353,6392.44706
728,3207.30533,6414.61067
729,3218.42342,6436.84684
730,3229.57791,6459.15582
731,3240.76892,6481.53784
732,3251.99657,6503.99314
733,3263.26099,6526.52198
734,3274.56229,6549.12458
735,3285.9006,6571.80119
736,3297.27603,6594.55207
737,3308.68872,6617.37745
738,3320.13879,6640.27758
739,3331.62635,6663.2527
740,3343.15154,6686.30307
741,3354.71447,6709.42894
742,3366.31527,6732.63054
743,3377.95407,6755.90814
744,3389.63099,6779.26197
745,3401.34615,6802.6923
746,3413.09969,6826.19938
747,3424.89173,6849.78345
748,3436.72239,6873.44478
749,3448.5918,6897.18361
750,3460.5001,6921.0002
751,3472.4474,6944.89481
752,3484.43384,6968.86769
753,3496.45955,6992.91909
754,3508.52465,7017.04929
755,3520.62927,7041.25853
756,3532.77354,7065.54708
757,3544.9576,7089.9152
758,3557.18157,7114.36314
759,3569.44559,7138.89117
760,3581.74978,7163.49955
761,3594.09428,7188.18855
762,3606.47922,7212.95843
763,3618.90473,7237.80945
764,3631.37094,7262.74189
765,3643.878,7287.756
766,3656.42602,7312.85205
767,3669.01516,7338.03031
768,3681.64553,7363.29106
769,3694.31728,7388.63456
770,3707.03054,7414.06108
771,3719.78544,7439.57089
772,3732.58213,7465.16426
773,3745.42074,7490.84148
774,3758.3014,7516.6028
775,3771.22426,7542.44851
776,3784.18944,7568.37888
777,3797.1971,7594.39419
778,3810.24736,7620.49471
779,3823.34037,7646.68073
780,3836.47626,7672.95252
781,3849.65518,7699.31035
782,3862.87726,7725.75452
783,3876.14265,7752.2853
784,3889.45149,7778.90297
785,3902.80391,7805.60782
786,3916.20006,7832.40013
787,3929.64009,7859.28018
788,3943.12413,7886.24827
789,3956.65233,7913.30467
790,3970.22483,7940.44967
791,3983.84178,7967.68356
792,3997.50332,7995.00663
793,4011.20959,8022.41917
794,4024.96074,8049.92147
795,4038.75691,8077.51382
796,4052.59826,8105.19652
797,4066.48492,8132.96985
798,4080.41705,8160.8341
799,4094.39479,8188.78959
800,4108.41829,8216.83659
801,4122.4877,8244.97541
802,4136.60317,8273.20634
803,4150.76484,8301.52968
804,4164.97287,8329.94574
805,4179.2274,8358.4548
806,4193.52859,8387.05718
807,4207.87659,8415.75317
808,4222.27154,8444.54308
809,4236.7136,8473.4272
810,4251.20293,8502.40585
811,4265.73967,8531.47933
812,4280.32397,8560.64795
813,4294.956,8589.912
814,4309.63591,8619.27181
815,4324.36384,8648.72768
816,4339.13996,8678.27991
817,4353.96441,8707.92883
818,4368.83737,8737.67474
819,4383.75897,8767.51795
820,4398.72939,8797.45878
821,4413.74877,8827.49754
822,4428.81727,8857.63455
823,4443.93506,8887.87012
824,4459.10229,8918.20457
825,4474.31911,8948.63823
826,4489.5857,8979.1714
827,4504.9022,9009.80441
828,4520.26879,9040.53757
829,4535.68561,9071.37122
830,4551.15284,9102.30568
831,4566.67063,9133.34126
832,4582.23914,9164.47829
833,4597.85855,9195.7171
834,4613.52901,9227.05801
835,4629.25068,9258.50136
836,4645.02373,9290.04747
837,4660.84833,9321.69666
838,4676.72464,9353.44928
839,4692.65283,9385.30565
840,4708.63305,9417.26611
841,4724.66549,9449.33098
842,4740.7503,9481.5006
843,4756.88766,9513.77532
844,4773.07773,9546.15545
845,4789.32068,9578.64135
846,4805.61667,9611.23335
847,4821.96589,9643.93178
848,4838.3685,9676.737
849,4854.82467,9709.64933
850,4871.33457,9742.66913
851,4887.89837,9775.79674
852,4904.51625,9809.03249
853,4921.18837,9842.37674
854,4937.91492,9875.82983
855,4954.69606,9909.39211
856,4971.53197,9943.06393
857,4988.42282,9976.84564
858,5005.36879,10010.73758
859,5022.37005,10044.74011
860,5039.42679,10078.85358
861,5056.53917,10113.07834
862,5073.70738,10147.41476
863,5090.93159,10181.86318
864,5108.21198,10216.42395
865,5125.54873,10251.09745
866,5142.94201,10285.88403
867,5160.39202,10320.78404
868,5177.89892,10355.79784
869,5195.4629,10390.92581
870,5213.08415,10426.1683
871,5230.76284,10461.52567
872,5248.49915,10496.99829
873,5266.29327,10532.58653
874,5284.14538,10568.29076
875,5302.05567,10604.11133
876,5320.02431,10640.04863
877,5338.05151,10676.10302
878,5356.13743,10712.27486
879,5374.28227,10748.56455
880,5392.48622,10784.97244
881,5410.74946,10821.49891
882,5429.07217,10858.14434
883,5447.45456,10894.90911
884,5465.8968,10931.79359
885,5484.39908,10968.79816
886,5502.9616,11005.92321
887,5521.58455,11043.1691
888,5540.26812,11080.53623
889,5559.01249,11118.02498
890,5577.81787,11155.63573
891,5596.68444,11193.36887
892,5615.61239,11231.22478
893,5634.60193,11269.20386
894,5653.65324,11307.30649
895,5672.76653,11345.53306
896,5691.94198,11383.88396
897,5711.17979,11422.35959
898,5730.48017,11460.96033
899,5749.84329,11499.68659
900,5769.26938,11538.53875
901,5788.75861,11577.51722
902,5808.3112,11616.6224
903,5827.92734,11655.85467
904,5847.60723,11695.21445
905,5867.35107,11734.70213
906,5887.15906,11774.31812
907,5907.03141,11814.06282
908,5926.96831,11853.93663
909,5946.96998,11893.93996
910,5967.03661,11934.07322
911,5987.16841,11974.33682
912,6007.36558,12014.73116
913,6027.62833,12055.25666
914,6047.95687,12095.91373
915,6068.35139,12136.70278
916,6088.81211,12177.62423
917,6109.33924,12218.67848
918,6129.93298,12259.86597
919,6150.59355,12301.18709
920,6171.32114,12342.64229
921,6192.11598,12384.23197
922,6212.97828,12425.95655
923,6233.90823,12467.81647
924,6254.90607,12509.81213
925,6275.97199,12551.94398
926,6297.10621,12594.21242
927,6318.30895,12636.6179
928,6339.58042,12679.16084
929,6360.92083,12721.84167
930,6382.33041,12764.66082
931,6403.80936,12807.61872
932,6425.35791,12850.71581
933,6446.97626,12893.95252
934,6468.66465,12937.32929
935,6490.42328,12980.84656
936,6512.25238,13024.50476
937,6534.15216,13068.30433
938,6556.12286,13112.24572
939,6578.16468,13156.32936
940,6600.27785,13200.5557
941,6622.4626,13244.92519
942,6644.71914,13289.43827
943,6667.0477,13334.09539
944,6689.4485,13378.897
945,6711.92177,13423.84354
946,6734.46774,13468.93548
947,6757.08662,13514.17325
948,6779.77866,13559.55732
949,6802.54407,13605.08813
950,6825.38308,13650.76616
951,6848.29592,13696.59184
952,6871.28283,13742.56565
953,6894.34402,13788.68804
954,6917.47974,13834.95948
955,6940.69021,13881.38042
956,6963.97567,13927.95133
957,6987.33634,13974.67268
958,7010.77247,14021.54494
959,7034.28428,14068.56856
960,7057.87201,14115.74402
961,7081.5359,14163.0718
962,7105.27618,14210.55236
963,7129.09308,14258.18617
964,7152.98686,14305.97372
965,7176.95773,14353.91547
966,7201.00595,14402.0119
967,7225.13175,14450.2635
968,7249.33537,14498.67075
969,7273.61706,14547.23411
970,7297.97704,14595.95409
971,7322.41558,14644.83115
972,7346.9329,14693.8658
973,7371.52925,14743.0585
974,7396.20488,14792.40976
975,7420.96003,14841.92006
976,7445.79494,14891.58989
977,7470.70987,14941.41974
978,7495.70506,14991.41011
979,7520.78075,15041.5615
980,7545.9372,15091.87439
981,7571.17465,15142.3493
982,7596.49335,15192.9867
983,7621.89356,15243.78712
984,7647.37552,15294.75104
985,7672.93949,15345.87898
986,7698.58572,15397.17143
987,7724.31446,15448.62891
988,7750.12596,15500.25192
989,7776.02048,15552.04096
990,7801.99828,15603.99656
991,7828.05961,15656.11922
992,7854.20473,15708.40946
993,7880.43389,15760.86778
994,7906.74736,15813.49471
995,7933.14538,15866.29077
996,7959.62823,15919.25646
997,7986.19616,15972.39232
998,8012.84943,16025.69887
999,8039.58831,16079.17662
1000,8066.41305,16132.82611
1001,8093.32393,16186.64786
1002,8120.32119,16240.64239
1003,8147.40512,16294.81024
1004,8174.57597,16349.15193
1005,8201.834,16403.66801
1006,8229.1795,16458.35899
1007,8256.61271,16513.22542
1008,8284.13392,16568.26784
1009,8311.74339,16623.48678
1010,8339.44139,16678.88278
1011,8367.22819,16734.45638
1012,8395.10406,16790.20813
1013,8423.06928,16846.13856
1014,8451.12411,16902.24823
1015,8479.26884,16958.53768
1016,8507.50373,17015.00745
1017,8535.82905,17071.65811
1018,8564.2451,17128.49019
1019,8592.75213,17185.50426
1020,8621.35044,17242.70087
1021,8650.04029,17300.08057
1022,8678.82196,17357.64392
1023,8707.69574,17415.39148
1024,8736.66191,17473.32381
1025,8765.72074,17531.44148
1026,8794.87252,17589.74504
1027,8824.11753,17648.23506
1028,8853.45605,17706.91211
1029,8882.88838,17765.77675
1030,8912.41478,17824.82957
1031,8942.03556,17884.07111
1032,8971.75099,17943.50197
1033,9001.56136,18003.12272
1034,9031.46696,18062.93392
1035,9061.46808,18122.93616
1036,9091.56501,18183.13002
1037,9121.75804,18243.51608
1038,9152.04746,18304.09492
1039,9182.43356,18364.86712
1040,9212.91664,18425.83327
1041,9243.49698,18486.99396
1042,9274.17489,18548.34977
1043,9304.95065,18609.9013
1044,9335.82457,18671.64914
1045,9366.79694,18733.59387
1046,9397.86805,18795.73611
1047,9429.03822,18858.07643
1048,9460.30772,18920.61545
1049,9491.67688,18983.35375
1050,9523.14598,19046.29195
1051,9554.71532,19109.43065
1052,9586.38522,19172.77044
1053,9618.15597,19236.31194
1054,9650.02787,19300.05575
1055,9682.00124,19364.00249
1056,9714.07638,19428.15276
1057,9746.25359,19492.50718
1058,9778.53318,19557.06636
1059,9810.91546,19621.83092
1060,9843.40074,19686.80148
1061,9875.98932,19751.97865
1062,9908.68153,19817.36306
1063,9941.47766,19882.95533
1064,9974.37804,19948.75608
1065,10007.38297,20014.76594
1066,10040.49277,20080.98554
1067,10073.70776,20147.41551
1068,10107.02824,20214.05648
1069,10140.45454,20280.90908
1070,10173.98697,20347.97395
1071,10207.62586,20415.25172
1072,10241.37151,20482.74303
1073,10275.22426,20550.44852
1074,10309.18441,20618.36883
1075,10343.2523,20686.5046
1076,10377.42824,20754.85648
1077,10411.71256,20823.42512
1078,10446.10558,20892.21117
1079,10480.60763,20961.21526
1080,10515.21903,21030.43806
1081,10549.94011,21099.88022
1082,10584.7712,21169.5424
1083,10619.71262,21239.42524
1084,10654.76471,21309.52941
1085,10689.92779,21379.85558
1086,10725.20219,21450.40439
1087,10760.58826,21521.17652
1088,10796.08631,21592.17262
1089,10831.69669,21663.39338
1090,10867.41972,21734.83945
1091,10903.25575,21806.51151
1092,10939.20511,21878.41022
1093,10975.26814,21950.53628
1094,11011.44517,22022.89034
1095,11047.73654,22095.47309
1096,11084.1426,22168.28521
1097,11120.66369,22241.32737
1098,11157.30013,22314.60027
1099,11194.05229,22388.10458
1100,11230.9205,22461.841
1101,11267.90511,22535.81021
1102,11305.00645,22610.01291
1103,11342.22489,22684.44977
1104,11379.56076,22759.12151
1105,11417.01441,22834.02881
1106,11454.58619,22909.17237
1107,11492.27645,22984.5529
1108,11530.08554,23060.17108
1109,11568.01382,23136.02764
1110,11606.06163,23212.12326
1111,11644.22933,23288.45866
1112,11682.51727,23365.03454
1113,11720.92581,23441.85162
1114,11759.4553,23518.91061
1115,11798.10611,23596.21222
1116,11836.87858,23673.75716
1117,11875.77308,23751.54617
1118,11914.78997,23829.57994
1119,11953.92961,23907.85922
1120,11993.19236,23986.38471
1121,12032.57858,24065.15715
1122,12072.08863,24144.17726
1123,12111.72289,24223.44577
1124,12151.48171,24302.96342
1125,12191.36546,24382.73092
1126,12231.37451,24462.74903
1127,12271.50923,24543.01847
1128,12311.76999,24623.53998
1129,12352.15716,24704.31431
1130,12392.6711,24785.34219
1131,12433.31219,24866.62438
1132,12474.0808,24948.1616
1133,12514.97731,25029.95463
1134,12556.00209,25112.00419
1135,12597.15552,25194.31105
1136,12638.43798,25276.87595
1137,12679.84983,25359.69966
1138,12721.39147,25442.78293
1139,12763.06326,25526.12653
1140,12804.8656,25609.7312
1141,12846.79886,25693.59771
1142,12888.86342,25777.72684
1143,12931.05967,25862.11934
1144,12973.38799,25946.77599
1145,13015.84878,26031.69755
1146,13058.4424,26116.88481
1147,13101.16926,26202.33852
1148,13144.02974,26288.05948
1149,13187.02423,26374.04846
1150,13230.15312,26460.30624
1151,13273.4168,26546.8336
1152,13316.81566,26633.63132
1153,13360.3501,26720.70021
1154,13404.02052,26808.04103
1155,13447.82729,26895.65459
1156,13491.77084,26983.54167
1157,13535.85154,27071.70308
1158,13580.0698,27160.1396
1159,13624.42602,27248.85204
1160,13668.92059,27337.84119
1161,13713.55393,27427.10786
1162,13758.32643,27516.65286
1163,13803.23849,27606.47698
1164,13848.29052,27696.58104
1165,13893.48293,27786.96585
1166,13938.81611,27877.63223
1167,13984.29049,27968.58097
1168,14029.90646,28059.81291
1169,14075.66443,28151.32887
1170,14121.56483,28243.12965
1171,14167.60805,28335.21609
1172,14213.7945,28427.58901
1173,14260.12462,28520.24923
1174,14306.5988,28613.19759
1175,14353.21746,28706.43492
1176,14399.98102,28799.96205
1177,14446.8899,28893.77981
1178,14493.94452,28987.88904
1179,14541.14529,29082.29058
1180,14588.49264,29176.98527
1181,14635.98698,29271.97396
1182,14683.62874,29367.25749
1183,14731.41835,29462.8367
1184,14779.35623,29558.71246
1185,14827.4428,29654.8856
1186,14875.67849,29751.35699
1187,14924.06373,29848.12747
1188,14972.59895,29945.19791
1189,15021.28458,30042.56917
1190,15070.12105,30140.2421
1191,15119.10879,30238.21758
1192,15168.24823,30336.49646
1193,15217.53981,30435.07963
1194,15266.98397,30533.96794
1195,15316.58114,30633.16227
1196,15366.33175,30732.6635
1197,15416.23625,30832.4725
1198,15466.29507,30932.59015
1199,15516.50867,31033.01733
1200,15566.87747,31133.75493
1201,15617.40192,31234.80383
1202,15668.08246,31336.16492
1203,15718.91954,31437.83909
1204,15769.91361,31539.82722
1205,15821.06511,31642.13023
1206,15872.37449,31744.74899
1207,15923.8422,31847.68441
1208,15975.46869,31950.93739
1209,16027.25441,32054.50883
1210,16079.19982,32158.39964
1211,16131.30536,32262.61072
1212,16183.57149,32367.14298
1213,16235.99867,32471.99734
1214,16288.58736,32577.17471
1215,16341.338,32682.676
1216,16394.25107,32788.50213
1217,16447.32701,32894.65403
1218,16500.5663,33001.1326
1219,16553.96939,33107.93879
1220,16607.53675,33215.07351
1221,16661.26885,33322.53769
1222,16715.16614,33430.33227
1223,16769.22909,33538.45818
1224,16823.45817,33646.91635
1225,16877.85386,33755.70772
1226,16932.41662,33864.83324
1227,16987.14692,33974.29383
1228,17042.04523,34084.09046
1229,17097.11203,34194.22406
1230,17152.34779,34304.69558
1231,17207.75299,34415.50598
1232,17263.3281,34526.65621
1233,17319.07361,34638.14722
1234,17374.98999,34749.97997
1235,17431.07771,34862.15543
1236,17487.33727,34974.67454
1237,17543.76915,35087.53829
1238,17600.37382,35200.74763
1239,17657.15177,35314.30354
1240,17714.10349,35428.20698
1241,17771.22947,35542.45894
1242,17828.53019,35657.06037
1243,17886.00614,35772.01228
1244,17943.65781,35887.31562
1245,18001.4857,36002.9714
1246,18059.49029,36118.98058
1247,18117.67208,36235.34417
1248,18176.03157,36352.06314
1249,18234.56925,36469.1385
1250,18293.28561,36586.57123
1251,18352.18117,36704.36233
1252,18411.2564,36822.51281
1253,18470.51183,36941.02365
1254,18529.94794,37059.89588
1255,18589.56524,37179.13048
1256,18649.36424,37298.72847
1257,18709.34543,37418.69086
1258,18769.50933,37539.01867
1259,18829.85645,37659.7129
1260,18890.38729,37780.77458
1261,18951.10236,37902.20472
1262,19012.00217,38024.00435
1263,19073.08724,38146.17449
1264,19134.35808,38268.71616
1265,19195.8152,38391.63041
1266,19257.45912,38514.91825
1267,19319.29036,38638.58072
1268,19381.30943,38762.61887
1269,19443.51686,38887.03372
1270,19505.91316,39011.82631
1271,19568.49885,39136.9977
1272,19631.27446,39262.54893
1273,19694.24052,39388.48104
1274,19757.39754,39514.79508
1275,19820.74606,39641.49211
1276,19884.28659,39768.57319
1277,19948.01968,39896.03936
1278,20011.94585,40023.8917
1279,20076.06563,40152.13125
1280,20140.37955,40280.7591
1281,20204.88815,40409.77629
1282,20269.59196,40539.18391
1283,20334.49152,40668.98303
1284,20399.58736,40799.17471
1285,20464.88002,40929.76005
1286,20530.37005,41060.7401
1287,20596.05798,41192.11596
1288,20661.94436,41323.88871
1289,20728.02972,41456.05944
1290,20794.31462,41588.62924
1291,20860.79959,41721.59919
1292,20927.48519,41854.97039
1293,20994.37197,41988.74393
1294,21061.46046,42122.92092
1295,21128.75123,42257.50246
1296,21196.24482,42392.48964
1297,21263.94179,42527.88358
1298,21331.84269,42663.68538
1299,21399.94808,42799.89616
1300,21468.25851,42936.51701
1301,21536.8185,43073.637
1302,21605.58926,43211.17853
1303,21674.56948,43349.13896
1304,21743.75975,43487.5195
1305,21813.16067,43626.32133
1306,21882.77284,43765.54568
1307,21952.59687,43905.19374
1308,22022.63336,44045.26672
1309,22092.88292,44185.76584
1310,22163.34616,44326.69232
1311,22234.02368,44468.04737
1312,22304.91611,44609.83222
1313,22376.02405,44752.04809
1314,22447.34811,44894.69622
1315,22518.88892,45037.77783
1316,22590.64709,45181.29417
1317,22662.62324,45325.24647
1318,22734.81799,45469.63598
1319,22807.23197,45614.46393
1320,22879.8658,45759.73159
1321,22952.7201,45905.4402
1322,23025.79551,46051.59101
1323,23099.09265,46198.1853
1324,23172.61215,46345.22431
1325,23246.35466,46492.70932
1326,23320.32079,46640.64159
1327,23394.5112,46789.02239
1328,23468.9265,46937.85301
1329,23543.56736,47087.13471
1330,23618.43439,47236.86879
1331,23693.52826,47387.05652
1332,23768.8496,47537.6992
1333,23844.39906,47688.79811
1334,23920.17728,47840.35456
1335,23996.18492,47992.36984
1336,24072.42263,48144.84526
1337,24148.89106,48297.78211
1338,24225.59086,48451.18172
1339,24302.52269,48605.04538
1340,24379.68721,48759.37443
1341,24457.08508,48914.17017
1342,24534.71696,49069.43392
1343,24612.58351,49225.16703
1344,24690.6854,49381.3708
1345,24769.02329,49538.04659
1346,24847.59786,49695.19572
1347,24926.40977,49852.81953
1348,25005.45969,50010.91937
1349,25084.7483,50169.49659
1350,25164.27627,50328.55253
1351,25244.04428,50488.08855
1352,25324.053,50648.10601
1353,25404.30313,50808.60626
1354,25484.79534,50969.59067
1355,25565.53031,51131.06062
1356,25646.50873,51293.01746
1357,25727.73129,51455.46258
1358,25809.19868,51618.39736
1359,25890.91159,51781.82317
1360,25972.8707,51945.74141
1361,26055.07673,52110.15346
1362,26137.53036,52275.06071
1363,26220.23228,52440.46457
1364,26303.18321,52606.36642
1365,26386.38384,52772.76768
1366,26469.83488,52939.66976
1367,26553.53703,53107.07406
1368,26637.491,53274.982
1369,26721.6975,53443.39499
1370,26806.15723,53612.31446
1371,26890.87092,53781.74184
1372,26975.83928,53951.67855
1373,27061.06302,54122.12603
1374,27146.54286,54293.08572
1375,27232.27952,54464.55904
1376,27318.27373,54636.54746
1377,27404.5262,54809.05241
1378,27491.03767,54982.07535
1379,27577.80886,55155.61773
1380,27664.8405,55329.68101
1381,27752.13333,55504.26666
1382,27839.68807,55679.37613
1383,27927.50546,55855.01091
1384,28015.58623,56031.17247
1385,28103.93114,56207.86228
1386,28192.54091,56385.08182
1387,28281.41629,56562.83258
1388,28370.55803,56741.11606
1389,28459.96687,56919.93373
1390,28549.64356,57099.28711
1391,28639.58884,57279.17769
1392,28729.80348,57459.60697
1393,28820.28823,57640.57646
1394,28911.04384,57822.08769
1395,29002.07107,58004.14215
1396,29093.37069,58186.74137
1397,29184.94344,58369.88689
1398,29276.79011,58553.58021
1399,29368.91144,58737.82288
1400,29461.30822,58922.61644
1401,29553.98121,59107.96241
1402,29646.93118,59293.86235
1403,29740.1589,59480.3178
1404,29833.66516,59667.33032
1405,29927.45073,59854.90145
1406,30021.51638,60043.03276
1407,30115.86291,60231.72582
1408,30210.49109,60420.98218
1409,30305.40171,60610.80343
1410,30400.59556,60801.19113
1411,30496.07343,60992.14686
1412,30591.83611,61183.67222
1413,30687.88439,61375.76878
1414,30784.21907,61568.43814
1415,30880.84094,61761.68189
1416,30977.75082,61955.50163
1417,31074.94949,62149.89898
1418,31172.43776,62344.87552
1419,31270.21644,62540.43288
1420,31368.28634,62736.57268
1421,31466.64826,62933.29652
1422,31565.30302,63130.60605
1423,31664.25144,63328.50287
1424,31763.49432,63526.98864
1425,31863.03249,63726.06498
1426,31962.86676,63925.73353
1427,32062.99797,64125.99594
1428,32163.42693,64326.85386
1429,32264.15447,64528.30894
1430,32365.18142,64730.36284
1431,32466.50861,64933.01723
1432,32568.13688,65136.27376
1433,32670.06705,65340.1341
1434,32772.29997,65544.59994
1435,32874.83647,65749.67294
1436,32977.6774,65955.3548
1437,33080.8236,66161.6472
1438,33184.27592,66368.55183
1439,33288.03519,66576.07039
1440,33392.10228,66784.20457
1441,33496.47804,66992.95608
1442,33601.16332,67202.32663
1443,33706.15897,67412.31793
1444,33811.46585,67622.93171
1445,33917.08484,67834.16967
1446,34023.01677,68046.03355
1447,34129.26254,68258.52508
1448,34235.82299,68471.64598
1449,34342.699,68685.39801
1450,34449.89145,68899.7829
1451,34557.4012,69114.8024
1452,34665.22913,69330.45827
1453,34773.37613,69546.75225
1454,34881.84306,69763.68611
1455,34990.63081,69981.26163
1456,35099.74028,70199.48055
1457,35209.17233,70418.34467
1458,35318.92788,70637.85575
1459,35429.0078,70858.01559
1460,35539.41298,71078.82597
1461,35650.14434,71300.28868
1462,35761.20276,71522.40552
1463,35872.58914,71745.17828
1464,35984.30439,71968.60879
1465,36096.34942,72192.69884
1466,36208.72512,72417.45025
1467,36321.43242,72642.86484
1468,36434.47222,72868.94443
1469,36547.84543,73095.69086
1470,36661.55297,73323.10595
1471,36775.59577,73551.19154
1472,36889.97474,73779.94948
1473,37004.69081,74009.38162
1474,37119.7449,74239.48979
1475,37235.13794,74470.27587
1476,37350.87085,74701.74171
1477,37466.94459,74933.88917
1478,37583.36007,75166.72013
1479,37700.11823,75400.23646
1480,37817.22002,75634.44005
1481,37934.66638,75869.33276
1482,38052.45825,76104.9165
1483,38170.59658,76341.19316
1484,38289.08232,76578.16464
1485,38407.91641,76815.83283
1486,38527.09982,77054.19965
1487,38646.6335,77293.26701
1488,38766.51841,77533.03682
1489,38886.75551,77773.51102
1490,39007.34576,78014.69152
1491,39128.29013,78256.58025
1492,39249.58958,78499.17916
1493,39371.24509,78742.49019
1494,39493.25764,78986.51527
1495,39615.62819,79231.25637
1496,39738.35772,79476.71544
1497,39861.44722,79722.89444
1498,39984.89766,79969.79533
1499,40108.71004,80217.42008
1500,40232.88534,80465.77068
1501,40357.42455,80714.8491
1502,40482.32866,80964.65732
1503,40607.59867,81215.19734
1504,40733.23557,81466.47115
1505,40859.24038,81718.48075
1506,40985.61407,81971.22815
1507,41112.35768,82224.71535
1508,41239.47219,82478.94438
1509,41366.95862,82733.91725
1510,41494.81799,82989.63598
1511,41623.0513,83246.10261
1512,41751.65958,83503.31917
1513,41880.64385,83761.2877
1514,42010.00512,84020.01025
1515,42139.74443,84279.48886
1516,42269.8628,84539.7256
1517,42400.36126,84800.72252
1518,42531.24084,85062.48168
1519,42662.50258,85325.00516
1520,42794.14752,85588.29504
1521,42926.1767,85852.35339
1522,43058.59115,86117.1823
1523,43191.39193,86382.78386
1524,43324.58009,86649.16017
1525,43458.15666,86916.31333
1526,43592.12272,87184.24544
1527,43726.47931,87452.95862
1528,43861.22749,87722.45498
1529,43996.36832,87992.73665
1530,44131.90287,88263.80575
1531,44267.83221,88535.66442
1532,44404.15739,88808.31479
1533,44540.8795,89081.759
1534,44677.99961,89355.99922
1535,44815.51879,89631.03758
1536,44953.43812,89906.87625
1537,45091.75869,90183.51739
1538,45230.48158,90460.96317
1539,45369.60788,90739.21577
1540,45509.13868,91018.27736
1541,45649.07507,91298.15014
1542,45789.41814,91578.83629
1543,45930.169,91860.33801
1544,46071.32875,92142.6575
1545,46212.89849,92425.79697
1546,46354.87932,92709.75863
1547,46497.27235,92994.5447
1548,46640.0787,93280.1574
1549,46783.29948,93566.59896
1550,46926.93581,93853.87162
1551,47070.98881,94141.97762
1552,47215.45959,94430.91919
1553,47360.3493,94720.69859
1554,47505.65904,95011.31808
1555,47651.38996,95302.77992
1556,47797.54319,95595.08638
1557,47944.11986,95888.23972
1558,48091.12112,96182.24224
1559,48238.5481,96477.0962
1560,48386.40195,96772.8039
1561,48534.68382,97069.36764
1562,48683.39486,97366.78972
1563,48832.53622,97665.07244
1564,48982.10906,97964.21811
1565,49132.11453,98264.22906
1566,49282.5538,98565.1076
1567,49433.42803,98866.85606
1568,49584.73839,99169.47679
1569,49736.48605,99472.97211
1570,49888.67219,99777.34438
1571,50041.29797,100082.59594
1572,50194.36458,100388.72915
1573,50347.87319,100695.74639
1574,50501.825,101003.65
1575,50656.22119,101312.44238
1576,50811.06295,101622.1259
1577,50966.35147,101932.70294
1578,51122.08795,102244.1759
1579,51278.27359,102556.54718
1580,51434.90959,102869.81917
1581,51591.99715,103183.99429
1582,51749.53748,103499.07496
1583,51907.5318,103815.06359
1584,52065.98131,104131.96261
1585,52224.88723,104449.77446
1586,52384.25078,104768.50157
1587,52544.07319,105088.14638
1588,52704.35568,105408.71135
1589,52865.09947,105730.19894
1590,53026.3058,106052.6116
1591,53187.9759,106375.95181
1592,53350.11102,106700.22203
1593,53512.71238,107025.42475
1594,53675.78123,107351.56246
1595,53839.31882,107678.63765
1596,54003.3264,108006.6528
1597,54167.80522,108335.61044
1598,54332.75654,108665.51307
1599,54498.1816,108996.3632
1600,54664.08168,109328.16337
1601,54830.45804,109660.91608
1602,54997.31195,109994.62389
1603,55164.64467,110329.28933
1604,55332.45748,110664.91495
1605,55500.75165,111001.5033
1606,55669.52847,111339.05694
1607,55838.78922,111677.57844
1608,56008.53518,112017.07036
1609,56178.76764,112357.53529
1610,56349.4879,112698.9758
1611,56520.69725,113041.39449
1612,56692.39698,113384.79396
1613,56864.5884,113729.1768
1614,57037.27281,114074.54563
1615,57210.45153,114420.90306
1616,57384.12585,114768.2517
1617,57558.2971,115116.5942
1618,57732.96659,115465.93318
1619,57908.13564,115816.27127
1620,58083.80557,116167.61114
1621,58259.97771,116519.95543
1622,58436.6534,116873.3068
1623,58613.83395,117227.66791
1624,58791.52072,117583.04144
1625,58969.71503,117939.43006
1626,59148.41823,118296.83646
1627,59327.63167,118655.26334
1628,59507.35669,119014.71338
1629,59687.59465,119375.18929
1630,59868.34689,119736.69379
1631,60049.61479,120099.22958
1632,60231.3997,120462.7994
1633,60413.70298,120827.40596
1634,60596.52601,121193.05202
1635,60779.87015,121559.7403
1636,60963.73678,121927.47356
1637,61148.12728,122296.25456
1638,61333.04303,122666.08606
1639,61518.48541,123036.97082
1640,61704.45581,123408.91163
1641,61890.95563,123781.91126
1642,62077.98625,124155.9725
1643,62265.54908,124531.09815
1644,62453.64551,124907.29101
1645,62642.27695,125284.5539
1646,62831.44481,125662.88961
1647,63021.15049,126042.30098
1648,63211.39542,126422.79084
1649,63402.18101,126804.36202
1650,63593.50868,127187.01735
1651,63785.37985,127570.75971
1652,63977.79596,127955.59192
1653,64170.75844,128341.51687
1654,64364.26871,128728.53742
1655,64558.32822,129116.65644
1656,64752.93841,129505.87682
1657,64948.10072,129896.20144
1658,65143.81661,130287.63321
1659,65340.08751,130680.17503
1660,65536.9149,131073.8298
1661,65734.30022,131468.60045
1662,65932.24495,131864.48989
1663,66130.75053,132261.50107
1664,66329.81845,132659.63691
1665,66529.45018,133058.90036
1666,66729.64718,133459.29437
1667,66930.41095,133860.8219
1668,67131.74296,134263.48592
1669,67333.6447,134667.2894
1670,67536.11766,135072.23532
1671,67739.16333,135478.32666
1672,67942.78321,135885.56643
1673,68146.9788,136293.95761
1674,68351.75161,136703.50322
1675,68557.10313,137114.20627
1676,68763.03489,137526.06978
1677,68969.54839,137939.09679
1678,69176.64516,138353.29032
1679,69384.32672,138768.65343
1680,69592.59458,139185.18916
1681,69801.45028,139602.90057
1682,70010.89536,140021.79072
1683,70220.93134,140441.86269
1684,70431.55978,140863.11955
1685,70642.7822,141285.5644
1686,70854.60016,141709.20032
1687,71067.01521,142134.03042
1688,71280.0289,142560.0578
1689,71493.64279,142987.28557
1690,71707.85844,143415.71687
1691,71922.67741,143845.35482
1692,72138.10128,144276.20256
1693,72354.13162,144708.26324
1694,72570.77,145141.53999
1695,72788.018,145576.036
1696,73005.8772,146011.75441
1697,73224.3492,146448.69841
1698,73443.43558,146886.87117
1699,73663.13794,147326.27589
1700,73883.45788,147766.91576
1701,74104.39699,148208.79398
1702,74325.95689,148651.91377
1703,74548.13917,149096.27835
1704,74770.94547,149541.89093
1705,74994.37738,149988.75476
1706,75218.43654,150436.87308
1707,75443.12457,150886.24913
1708,75668.44309,151336.88617
1709,75894.39373,151788.78747
1710,76120.97815,152241.95629
1711,76348.19796,152696.39592
1712,76576.05482,153152.10964
1713,76804.55037,153609.10074
1714,77033.68627,154067.37253
1715,77263.46416,154526.92832
1716,77493.88572,154987.77143
1717,77724.95259,155449.90518
1718,77956.66645,155913.33289
1719,78189.02896,156378.05792
1720,78422.04181,156844.08361
1721,78655.70666,157311.41332
1722,78890.02521,157780.05041
1723,79124.99913,158249.99825
1724,79360.63011,158721.26022
1725,79596.91986,159193.83971
1726,79833.87006,159667.74011
1727,80071.48242,160142.96483
1728,80309.75864,160619.51728
1729,80548.70043,161097.40086
1730,80788.30951,161576.61902
1731,81028.58759,162057.17519
1732,81269.5364,162539.0728
1733,81511.15766,163022.31531
1734,81753.45309,163506.90618
1735,81996.42443,163992.84886
1736,82240.07342,164480.14684
1737,82484.4018,164968.8036
1738,82729.41131,165458.82263
1739,82975.10371,165950.20742
1740,83221.48074,166442.96148
1741,83468.54417,166937.08833
1742,83716.29575,167432.59149
1743,83964.73724,167929.47449
1744,84213.87043,168427.74086
1745,84463.69708,168927.39415
1746,84714.21896,169428.43792
1747,84965.43787,169930.87574
1748,85217.35558,170434.71116
1749,85469.97389,170939.94778
1750,85723.29459,171446.58917
1751,85977.31947,171954.63894
1752,86232.05034,172464.10068
1753,86487.48901,172974.97802
1754,86743.63728,173487.27456
1755,87000.49697,174000.99394
1756,87258.0699,174516.1398
1757,87516.35789,175032.71578
1758,87775.36277,175550.72553
1759,88035.08636,176070.17272
1760,88295.53051,176591.06102
1761,88556.69705,177113.3941
1762,88818.58783,177637.17566
1763,89081.20469,178162.40938
1764,89344.54949,178689.09897
1765,89608.62408,179217.24815
1766,89873.43032,179746.86063
1767,90138.97008,180277.94015
1768,90405.24522,180810.49044
1769,90672.25762,181344.51525
1770,90940.00916,181880.01833
1771,91208.50172,182417.00344
1772,91477.73718,182955.47437
1773,91747.71744,183495.43488
1774,92018.44439,184036.88877
1775,92289.91992,184579.83984
1776,92562.14594,185124.29189
1777,92835.12437,185670.24874
1778,93108.8571,186217.7142
1779,93383.34606,186766.69212
1780,93658.59317,187317.18633
1781,93934.60034,187869.20069
1782,94211.36952,188422.73904
1783,94488.90263,188977.80527
1784,94767.20162,189534.40324
1785,95046.26842,190092.53684
1786,95326.10498,190652.20996
1787,95606.71325,191213.42651
1788,95888.0952,191776.19039
1789,96170.25277,192340.50553
1790,96453.18793,192906.37586
1791,96736.90265,193473.8053
1792,97021.39891,194042.79782
1793,97306.67868,194613.35736
1794,97592.74394,195185.48788
1795,97879.59669,195759.19337
1796,98167.2389,196334.47781
1797,98455.67259,196911.34518
1798,98744.89974,197489.79948
1799,99034.92237,198069.84473
1800,99325.74247,198651.48495
1801,99617.36207,199234.72415
1802,99909.78319,199819.56638
1803,100203.00784,200406.01568
1804,100497.03805,200994.07611
1805,100791.87586,201583.75173
1806,101087.52331,202175.04661
1807,101383.98242,202767.96484
1808,101681.25525,203362.5105
1809,101979.34385,203958.6877
1810,102278.25027,204556.50054
1811,102577.97658,205155.95315
1812,102878.52483,205757.04965
1813,103179.89709,206359.79418
1814,103482.09544,206964.19089
1815,103785.12196,207570.24393
1816,104088.97873,208177.95746
1817,104393.66783,208787.33566
1818,104699.19136,209398.38272
1819,105005.55141,210011.10283
1820,105312.75009,210625.50018
1821,105620.7895,211241.579
1822,105929.67175,211859.3435
1823,106239.39895,212478.79791
1824,106549.97323,213099.94647
1825,106861.39672,213722.79343
1826,107173.67153,214347.34306
1827,107486.79981,214973.59962
1828,107800.78369,215601.56738
1829,108115.62532,216231.25064
1830,108431.32684,216862.65369
1831,108747.89042,217495.78084
1832,109065.3182,218130.6364
1833,109383.61235,218767.22471
1834,109702.77504,219405.55008
1835,110022.80844,220045.61688
1836,110343.71473,220687.42946
1837,110665.49609,221330.99217
1838,110988.1547,221976.3094
1839,111311.69276,222623.38552
1840,111636.11247,223272.22494
1841,111961.41602,223922.83205
1842,112287.60563,224575.21126
1843,112614.6835,225229.367
1844,112942.65186,225885.30371
1845,113271.51291,226543.02582
1846,113601.26889,227202.53778
1847,113931.92203,227863.84407
1848,114263.47457,228526.94914
1849,114595.92874,229191.85748
1850,114929.2868,229858.57359
1851,115263.55098,230527.10196
1852,115598.72356,231197.44711
1853,115934.80678,231869.61356
1854,116271.80291,232543.60583
1855,116609.71424,233219.42847
1856,116948.54302,233897.08604
1857,117288.29154,234576.58309
1858,117628.96209,235257.92419
1859,117970.55696,235941.11393
1860,118313.07845,236626.15689
1861,118656.52884,237313.05769
1862,119000.91046,238001.82092
1863,119346.22561,238692.45122
1864,119692.47661,239384.95321
1865,120039.66577,240079.33155
1866,120387.79543,240775.59087
1867,120736.86792,241473.73584
1868,121086.88557,242173.77114
1869,121437.85072,242875.70145
1870,121789.76573,243579.53146
1871,122142.63294,244285.26587
1872,122496.4547,244992.90941
1873,122851.23339,245702.46679
1874,123206.97137,246413.94275
1875,123563.67102,247127.34203
1876,123921.3347,247842.66939
1877,124279.9648,248559.9296
1878,124639.56372,249279.12743
1879,125000.13383,250000.26767
1880,125361.67756,250723.35511
1881,125724.19728,251448.39457
1882,126087.69543,252175.39086
1883,126452.1744,252904.3488
1884,126817.63662,253635.27325
1885,127184.08452,254368.16904
1886,127551.52052,255103.04105
1887,127919.94707,255839.89413
1888,128289.36659,256578.73318
1889,128659.78154,257319.56308
1890,129031.19436,258062.38873
1891,129403.60753,258807.21505
1892,129777.02348,259554.04697
1893,130151.44471,260302.88941
1894,130526.87367,261053.74733
1895,130903.31284,261806.62568
1896,131280.76471,262561.52943
1897,131659.23177,263318.46355
1898,132038.71652,264077.43303
1899,132419.22144,264838.44288
1900,132800.74905,265601.4981
1901,133183.30186,266366.60371
1902,133566.88237,267133.76475
1903,133951.49313,267902.98626
1904,134337.13664,268674.27329
1905,134723.81545,269447.6309
1906,135111.53209,270223.06418
1907,135500.2891,271000.57821
1908,135890.08904,271780.17808
1909,136280.93446,272561.86891
1910,136672.82791,273345.65582
1911,137065.77196,274131.54393
1912,137459.76919,274919.53838
1913,137854.82217,275709.64434
1914,138250.93348,276501.86696
1915,138648.10571,277296.21142
1916,139046.34145,278092.6829
1917,139445.64331,278891.28661
1918,139846.01387,279692.02775
1919,140247.45577,280494.91154
1920,140649.9716,281299.94321
1921,141053.564,282107.128
1922,141458.23558,282916.47117
1923,141863.98899,283727.97798
1924,142270.82685,284541.65371
1925,142678.75182,285357.50364
1926,143087.76654,286175.53308
1927,143497.87367,286995.74733
1928,143909.07586,287818.15172
1929,144321.37579,288642.75157
1930,144734.77612,289469.55224
1931,145149.27954,290298.55907
1932,145564.88872,291129.77744
1933,145981.60636,291963.21272
1934,146399.43515,292798.87031
1935,146818.3778,293636.7556
1936,147238.437,294476.87401
1937,147659.61548,295319.23096
1938,148081.91595,296163.83189
1939,148505.34113,297010.68225
1940,148929.89375,297859.7875
1941,149355.57655,298711.1531
1942,149782.39227,299564.78454
1943,150210.34366,300420.68732
1944,150639.43347,301278.86694
1945,151069.66446,302139.32892
1946,151501.03939,303002.07879
1947,151933.56104,303867.12209
1948,152367.23218,304734.46437
1949,152802.0556,305604.1112
1950,153238.03408,306476.06815
1951,153675.17041,307350.34082
1952,154113.4674,308226.93481
1953,154552.92786,309105.85572
1954,154993.55459,309987.10918
1955,155435.35041,310870.70082
1956,155878.31815,311756.63631
1957,156322.46064,312644.92128
1958,156767.78071,313535.56143
1959,157214.28121,314428.56243
1960,157661.96499,315323.92997
1961,158110.83489,316221.66977
1962,158560.89377,317121.78755
1963,159012.14452,318024.28903
1964,159464.58998,318929.17997
1965,159918.23306,319836.46611
1966,160373.07662,320746.15324
1967,160829.12356,321658.24712
1968,161286.37678,322572.75355
1969,161744.83917,323489.67834
1970,162204.51365,324409.02731
1971,162665.40314,325330.80628
1972,163127.51055,326255.02109
1973,163590.8388,327181.67761
1974,164055.39085,328110.78169
1975,164521.16961,329042.33922
1976,164988.17804,329976.35609
1977,165456.4191,330912.83819
1978,165925.89573,331851.79146
1979,166396.6109,332793.22181
1980,166868.56759,333737.13518
1981,167341.76877,334683.53754
1982,167816.21742,335632.43484
1983,168291.91653,336583.83306
1984,168768.8691,337537.7382
1985,169247.07813,338494.15626
1986,169726.54663,339453.09325
1987,170207.2776,340414.55521
1988,170689.27408,341378.54817
1989,171172.53909,342345.07818
1990,171657.07566,343314.15132
1991,172142.88683,344285.77366
1992,172629.97565,345259.9513
1993,173118.34517,346236.69034
1994,173607.99845,347215.99689
1995,174098.93855,348197.87709
1996,174591.16854,349182.33708
1997,175084.69151,350169.38302
1998,175579.51053,351159.02107
1999,176075.6287,352151.25741
2000,176573.04912,353146.09824
2001,177071.77488,354143.54977
2002,177571.8091,355143.61821
2003,178073.1549,356146.3098
2004,178575.81539,357151.63079
2005,179079.79371,358159.58742
2006,179585.09299,359170.18598
2007,180091.71638,360183.43276
2008,180599.66702,361199.33403
2009,181108.94806,362217.89613
2010,181619.56268,363239.12536
2011,182131.51404,364263.02808
2012,182644.80531,365289.61062
2013,183159.43968,366318.87936
2014,183675.42033,367350.84066
2015,184192.75046,368385.50092
2016,184711.43327,369422.86654
2017,185231.47197,370462.94393
2018,185752.86977,371505.73954
2019,186275.62989,372551.25978
2020,186799.75557,373599.51114
2021,187325.25003,374650.50006
2022,187852.11652,375704.23304
2023,188380.35829,376760.71658
2024,188909.97858,377819.95717
2025,189440.98067,378881.96134
2026,189973.36782,379946.73563
2027,190507.1433,381014.2866
2028,191042.31039,382084.62079
2029,191578.87239,383157.74479
2030,192116.83259,384233.66518
2031,192656.19429,385312.38858
2032,193196.9608,386393.92159
2033,193739.13543,387478.27085
2034,194282.7215,388565.44301
2035,194827.72236,389655.44471
2036,195374.14132,390748.28264
2037,195921.98173,391843.96347
2038,196471.24695,392942.4939
2039,197021.94033,394043.88066
2040,197574.06523,395148.13046
2041,198127.62502,396255.25004
2042,198682.62308,397365.24615
2043,199239.06279,398478.12558
2044,199796.94754,399593.89509
2045,200356.28074,400712.56148
2046,200917.06578,401834.13156
2047,201479.30607,402958.61215
2048,202043.00505,404086.01009
2049,202608.16612,405216.33223
2050,203174.79272,406349.58544
2051,203742.8883,407485.7766
2052,204312.45629,408624.91258
2053,204883.50016,409767.00032
2054,205456.02336,410912.04671
2055,206030.02935,412060.05871
2056,206605.52162,413211.04325
2057,207182.50365,414365.0073
2058,207760.97892,415521.95784
2059,208340.95093,416681.90186
2060,208922.42318,417844.84636
2061,209505.39919,419010.79837
2062,210089.88246,420179.76492
2063,210675.87652,421351.75305
2064,211263.38491,422526.76982
2065,211852.41116,423704.82233
2066,212442.95882,424885.91765
2067,213035.03144,426070.06289
2068,213628.63258,427257.26517
2069,214223.76581,428447.53162
2070,214820.4347,429640.8694
2071,215418.64283,430837.28566
2072,216018.39379,432036.78759
2073,216619.69119,433239.38237
2074,217222.53861,434445.07721
2075,217826.93967,435653.87934
2076,218432.89799,436865.79598
2077,219040.41719,438080.83439
2078,219649.50091,439299.00183
2079,220260.15279,440520.30558
2080,220872.37647,441744.75294
2081,221486.1756,442972.3512
2082,222101.55385,444203.10771
2083,222718.51489,445437.02978
2084,223337.06239,446674.12479
2085,223957.20004,447914.40008
2086,224578.93153,449157.86305
2087,225202.26055,450404.52109
2088,225827.19081,451654.38162
2089,226453.72603,452907.45205
2090,227081.86992,454163.73984
2091,227711.62622,455423.25243
2092,228342.99865,456685.9973
2093,228975.99097,457951.98194
2094,229610.60692,459221.21383
2095,230246.85026,460493.70051
2096,230884.72475,461769.44951
2097,231524.23418,463048.46836
2098,232165.38231,464330.76462
2099,232808.17294,465616.34589
2100,233452.60987,466905.21973
2101,234098.69689,468197.39377
2102,234746.43781,469492.87563
2103,235395.83646,470791.67293
2104,236046.89667,472093.79333
2105,236699.62225,473399.24451
2106,237354.01707,474708.03413
2107,238010.08495,476020.1699
2108,238667.82977,477335.65954
2109,239327.25538,478654.51076
2110,239988.36566,479976.73131
2111,240651.16448,481302.32896
2112,241315.65573,482631.31147
2113,241981.84331,483963.68663
2114,242649.73113,485299.46225
2115,243319.32308,486638.64615
2116,243990.62309,487981.24617
2117,244663.63508,489327.27016
2118,245338.36299,490676.72597
2119,246014.81075,492029.62151
2120,246692.98233,493385.96465
2121,247372.88166,494745.76333
2122,248054.51273,496109.02546
2123,248737.87949,497475.75899
2124,249422.98594,498845.97188
2125,250109.83606,500219.67211
2126,250798.43384,501596.86767
2127,251488.78328,502977.56657
2128,252180.88841,504361.77682
2129,252874.75324,505749.50647
2130,253570.38179,507140.76358
2131,254267.77811,508535.55621
2132,254966.94623,509933.89245
2133,255667.8902,511335.78041
2134,256370.6141,512741.2282
2135,257075.12197,514150.24395
2136,257781.41791,515562.83581
2137,258489.50598,516979.01196
2138,259199.39029,518398.78058
2139,259911.07493,519822.14985
2140,260624.564,521249.128
2141,261339.86163,522679.72326
2142,262056.97193,524113.94387
2143,262775.89905,525551.79809
2144,263496.6471,526993.29421
2145,264219.22026,528438.44051
2146,264943.62266,529887.24532
2147,265669.85847,531339.71695
2148,266397.93187,532795.86375
2149,267127.84704,534255.69407
2150,267859.60815,535719.21631
2151,268593.21942,537186.43884
2152,269328.68503,538657.37007
2153,270066.00922,540132.01843
2154,270805.19618,541610.39237
2155,271546.25017,543092.50033
2156,272289.1754,544578.3508
2157,273033.97613,546067.95226
2158,273780.65661,547561.31322
2159,274529.2211,549058.44221
2160,275279.67388,550559.34776
2161,276032.01921,552064.03842
2162,276786.26139,553572.52279
2163,277542.40472,555084.80943
2164,278300.45348,556600.90696
2165,279060.41201,558120.82401
2166,279822.2846,559644.56921
2167,280586.07561,561172.15122
2168,281351.78935,562703.5787
2169,282119.43018,564238.86036
2170,282889.00245,565778.0049
2171,283660.51052,567321.02104
2172,284433.95876,568867.91751
2173,285209.35155,570418.70309
2174,285986.69327,571973.38654
2175,286765.98833,573531.97665
2176,287547.24112,575094.48223
2177,288330.45605,576660.91211
2178,289115.63756,578231.27512
2179,289902.79007,579805.58013
2180,290691.91801,581383.83601
2181,291483.02583,582966.05165
2182,292276.11798,584552.23597
2183,293071.19894,586142.39788
2184,293868.27317,587736.54634
2185,294667.34515,589334.69031
2186,295468.41938,590936.83875
2187,296271.50034,592543.00068
2188,297076.59255,594153.1851
2189,297883.70052,595767.40103
2190,298692.82877,597385.65754
2191,299503.98184,599007.96367
2192,300317.16426,600634.32852
2193,301132.38059,602264.76119
2194,301949.63539,603899.27078
2195,302768.93322,605537.86644
2196,303590.27865,607180.55731
2197,304413.67628,608827.35256
2198,305239.13069,610478.26138
2199,306066.64649,612133.29297
2200,306896.22828,613792.45656
2201,307727.88069,615455.76138
2202,308561.60835,617123.21669
2203,309397.41588,618794.83176
2204,310235.30794,620470.61589
2205,311075.28919,622150.57837
2206,311917.36427,623834.72855
2207,312761.53788,625523.07576
2208,313607.81468,627215.62936
2209,314456.19937,628912.39875
2210,315306.69665,630613.3933
2211,316159.31122,632318.62244
2212,317014.0478,634028.09561
2213,317870.91112,635741.82224
2214,318729.90591,637459.81182
2215,319591.03691,639182.07383
2216,320454.30889,640908.61777
2217,321319.72658,642639.45317
2218,322187.29478,644374.58956
2219,323057.01825,646114.03651
2220,323928.90179,647857.80358
2221,324802.95019,649605.90039
2222,325679.16827,651358.33653
2223,326557.56082,653115.12165
2224,327438.13269,654876.26538
2225,328320.8887,656641.7774
2226,329205.83369,658411.66739
2227,330092.97252,660185.94505
2228,330982.31005,661964.62011
2229,331873.85115,663747.7023
2230,332767.6007,665535.20139
2231,333663.56358,667327.12715
2232,334561.74469,669123.48938
2233,335462.14894,670924.29788
2234,336364.78125,672729.5625
2235,337269.64654,674539.29307
2236,338176.74974,676353.49948
2237,339086.0958,678172.19159
2238,339997.68967,679995.37933
2239,340911.53631,681823.07261
2240,341827.64069,683655.28138
2241,342746.0078,685492.0156
2242,343666.64262,687333.28524
2243,344589.55015,689179.10031
2244,345514.73541,691029.47082
2245,346442.2034,692884.4068
2246,347371.95916,694743.91832
2247,348304.00772,696608.01544
2248,349238.35413,698476.70825
2249,350175.00344,700350.00687
2250,351113.96071,702227.92143
2251,352055.23103,704110.46206
2252,352998.81947,705997.63895
2253,353944.73113,707889.46226
2254,354892.97111,709785.94222
2255,355843.54452,711687.08904
2256,356796.45648,713592.91296
2257,357751.71212,715503.42424
2258,358709.31659,717418.63317
2259,359669.27503,719338.55005
2260,360631.59259,721263.18519
2261,361596.27446,723192.54893
2262,362563.32581,725126.65162
2263,363532.75182,727065.50365
2264,364504.5577,729009.1154
2265,365478.74865,730957.49729
2266,366455.32988,732910.65976
2267,367434.30663,734868.61325
2268,368415.68412,736831.36824
2269,369399.46761,738798.93522
2270,370385.66235,740771.32469
2271,371374.2736,742748.5472
2272,372365.30664,744730.61328
2273,373358.76675,746717.5335
2274,374354.65923,748709.31846
2275,375352.98938,750705.97875
2276,376353.76251,752707.52502
2277,377356.98394,754713.96789
2278,378362.65902,756725.31804
2279,379370.79308,758741.58615
2280,380381.39147,760762.78293
2281,381394.45955,762788.9191
2282,382410.0027,764820.00541
2283,383428.0263,766856.05261
2284,384448.53575,768897.07149
2285,385471.53643,770943.07286
2286,386497.03377,772994.06754
2287,387525.03318,775050.06636
2288,388555.5401,777111.0802
2289,389588.55996,779177.11993
2290,390624.09822,781248.19645
2291,391662.16034,783324.32069
2292,392702.75179,785405.50358
2293,393745.87805,787491.7561
2294,394791.54461,789583.08922
2295,395839.75697,791679.51393
2296,396890.52064,793781.04127
2297,397943.84114,795887.68228
2298,398999.724,797999.44801
2299,400058.17477,800116.34954
2300,401119.19899,802238.39798
2301,402182.80223,804365.60446
2302,403248.99005,806497.9801
2303,404317.76804,808635.53608
2304,405389.14179,810778.28357
2305,406463.11689,812926.23378
2306,407539.69897,815079.39793
2307,408618.89363,817237.78727
2308,409700.70652,819401.41305
2309,410785.14328,821570.28656
2310,411872.20955,823744.4191
2311,412961.911,825923.822
2312,414054.2533,828108.5066
2313,415149.24214,830298.48427
2314,416246.8832,832493.76639
2315,417347.18219,834694.36438
2316,418450.14482,836900.28964
2317,419555.77682,839111.55364
2318,420664.08392,841328.16784
2319,421775.07187,843550.14373
2320,422888.74641,845777.49282
2321,424005.11332,848010.22663
2322,425124.17836,850248.35672
2323,426245.94733,852491.89466
2324,427370.42602,854740.85204
2325,428497.62024,856995.24047
2326,429627.5358,859255.07159
2327,430760.17852,861520.35705
2328,431895.55426,863791.10852
2329,433033.66885,866067.3377
2330,434174.52815,868349.05631
2331,435318.13804,870636.27608
2332,436464.50439,872929.00878
2333,437613.63309,875227.26617
2334,438765.53004,877531.06008
2335,439920.20115,879840.4023
2336,441077.65235,882155.30469
2337,442237.88956,884475.77912
2338,443400.91873,886801.83746
2339,444566.74581,889133.49162
2340,445735.37676,891470.75353
2341,446906.81757,893813.63513
2342,448081.0742,896162.14841
2343,449258.15267,898516.30534
2344,450438.05897,900876.11794
2345,451620.79912,903241.59824
2346,452806.37915,905612.75829
2347,453994.80509,907989.61019
2348,455186.083,910372.16601
2349,456380.21894,912760.43788
2350,457577.21897,915154.43794
2351,458777.08917,917554.17835
2352,459979.83565,919959.67129
2353,461185.46449,922370.92898
2354,462393.98181,924787.96363
2355,463605.39375,927210.78749
2356,464819.70642,929639.41284
2357,466036.92598,932073.85195
2358,467257.05858,934514.11716
2359,468480.11039,936960.22078
2360,469706.08759,939412.17518
2361,470934.99637,941869.99274
2362,472166.84292,944333.68585
2363,473401.63347,946803.26693
2364,474639.37422,949278.74844
2365,475880.07141,951760.14282
2366,477123.73129,954247.46258
2367,478370.36011,956740.72021
2368,479619.96413,959239.92826
2369,480872.54963,961745.09927
2370,482128.12291,964256.24581
2371,483386.69025,966773.38049
2372,484648.25796,969296.51592
2373,485912.83237,971825.66475
2374,487180.41981,974360.83963
2375,488451.02662,976902.05325
2376,489724.65916,979449.31831
2377,491001.32378,982002.64756
2378,492281.02687,984562.05374
2379,493563.77481,987127.54961
2380,494849.57399,989699.14799
2381,496138.43084,992276.86168
2382,497430.35176,994860.70353
2383,498725.3432,997450.6864
2384,500023.41159,1000046.82317
2385,501324.56338,1002649.12676
2386,502628.80505,1005257.61009
2387,503936.14306,1007872.28612
2388,505246.58391,1010493.16781
2389,506560.13409,1013120.26818
2390,507876.80012,1015753.60023
2391,509196.58851,1018393.17701
2392,510519.5058,1021039.01159
2393,511845.55853,1023691.11705
2394,513174.75325,1026349.50651
2395,514507.09654,1029014.19309
2396,515842.59498,1031685.18995
2397,517181.25514,1034362.51028
2398,518523.08363,1037046.16727
2399,519868.08707,1039736.17414
2400,521216.27208,1042432.54415
2401,522567.64528,1045135.29056
2402,523922.21333,1047844.42667
2403,525279.98289,1050559.96578
2404,526640.96062,1053281.92125
2405,528005.15321,1056010.30642
2406,529372.56735,1058745.13469
2407,530743.20973,1061486.41947
2408,532117.08708,1064234.17417
2409,533494.20613,1066988.41226
2410,534874.5736,1069749.14721
2411,536258.19626,1072516.39252
2412,537645.08086,1075290.16172
2413,539035.23417,1078070.46834
2414,540428.66298,1080857.32597
2415,541825.37409,1083650.74818
2416,543225.3743,1086450.7486
2417,544628.67043,1089257.34087
2418,546035.26932,1092070.53864
2419,547445.1778,1094890.35561
2420,548858.40274,1097716.80547
2421,550274.95099,1100549.90197
2422,551694.82943,1103389.65886
2423,553118.04496,1106236.08992
2424,554544.60447,1109089.20895
2425,555974.51489,1111949.02977
2426,557407.78312,1114815.56624
2427,558844.41612,1117688.83223
2428,560284.42082,1120568.84163
2429,561727.80419,1123455.60838
2430,563174.5732,1126349.14639
2431,564624.73483,1129249.46966
2432,566078.29608,1132156.59217
2433,567535.26396,1135070.52792
2434,568995.64549,1137991.29098
2435,570459.44769,1140918.89538
2436,571926.67761,1143853.35523
2437,573397.34231,1146794.68462
2438,574871.44885,1149742.89771
2439,576349.00432,1152698.00863
2440,577830.01579,1155660.03158
2441,579314.49038,1158628.98076
2442,580802.4352,1161604.8704
2443,582293.85738,1164587.71476
2444,583788.76405,1167577.5281
2445,585287.16237,1170574.32474
2446,586789.0595,1173578.119
2447,588294.46262,1176588.92523
2448,589803.3789,1179606.7578
2449,591315.81556,1182631.63112
2450,592831.7798,1185663.5596
2451,594351.27884,1188702.55768
2452,595874.31993,1191748.63986
2453,597400.9103,1194801.82061
2454,598931.05723,1197862.11445
2455,600464.76797,1200929.53594
2456,602002.04982,1204004.09964
2457,603542.91007,1207085.82014
2458,605087.35603,1210174.71206
2459,606635.39502,1213270.79004
2460,608187.03437,1216374.06874
2461,609742.28143,1219484.56287
2462,611301.14356,1222602.28713
2463,612863.62813,1225727.25626
2464,614429.74251,1228859.48502
2465,615999.49411,1231998.98821
2466,617572.89032,1235145.78064
2467,619149.93858,1238299.87715
2468,620730.6463,1241461.2926
2469,622315.02094,1244630.04188
2470,623903.06995,1247806.13989
2471,625494.80079,1250989.60159
2472,627090.22096,1254180.44192
2473,628689.33794,1257378.67588
2474,630292.15924,1260584.31848
2475,631898.69238,1263797.38475
2476,633508.94488,1267017.88976
2477,635122.9243,1270245.84859
2478,636740.63818,1273481.27636
2479,638362.0941,1276724.1882
2480,639987.29963,1279974.59927
2481,641616.26238,1283232.52476
2482,643248.98994,1286497.97988
2483,644885.48993,1289770.97987
2484,646525.76999,1293051.53999
2485,648169.83776,1296339.67552
2486,649817.70089,1299635.40179
2487,651469.36706,1302938.73412
2488,653124.84394,1306249.68788
2489,654784.13923,1309568.27847
2490,656447.26064,1312894.52128
2491,658114.21588,1316228.43177
2492,659785.01269,1319570.02539
2493,661459.65882,1322919.31764
2494,663138.16201,1326276.32402
2495,664820.53005,1329641.06009
2496,666506.7707,1333013.54141
2497,668196.89178,1336393.78356
2498,669890.90109,1339781.80218
2499,671588.80644,1343177.61289
2500,673290.61568,1346581.23136
